series_key,source_id,instrument,delivery_point,timestamp,data_type,value,unit,price_low,price_high,price_method,price_unit_raw,slug_id,slug_name,report_title,published_date,commodity_raw,class_raw,grade,protein,delivery_point_raw,market_location_name,market_location_city,market_location_state,trade_loc,location_state,location_city,quote_type,sale_type,basis_unit,basis_min,basis_max,tos_status,gatekeeper_cleared,gatekeeper_id,raw_source_url
HRW_WHEAT,USDA_AMS_HRW_WHEAT_KANSAS_BID,HRW_WHEAT,KANSAS_GRAIN_BIDS,05/19/2026,ELEVATOR_BID,6.7375,USD_PER_BUSHEL,6.7375,6.7375,avg_price,$ Per Bushel,2886,AMS_2886,Kansas Daily Grain Bids,05/19/2026 12:55:30,Wheat,Hard Red Winter,US #1,Ordinary,Terminal Elevators,Grain - Kansas,Dodge City,KS,East,,,Basis,Bid,¢/Bu,-30,-30,GO,True,LOCAL_PROTO,https://marsapi.ams.usda.gov/services/v1.2/reports/2886/Report%20Detail
HRW_WHEAT,USDA_AMS_HRW_WHEAT_KANSAS_BID,HRW_WHEAT,KANSAS_GRAIN_BIDS,05/19/2026,ELEVATOR_BID,6.6942,USD_PER_BUSHEL,6.5875,6.8375,avg_price,$ Per Bushel,2886,AMS_2886,Kansas Daily Grain Bids,05/19/2026 12:55:30,Wheat,Hard Red Winter,US #1,Ordinary,Terminal Elevators,Grain - Kansas,Dodge City,KS,Central,,,Basis,Bid,¢/Bu,-45,-20,GO,True,LOCAL_PROTO,https://marsapi.ams.usda.gov/services/v1.2/reports/2886/Report%20Detail
HRW_WHEAT,USDA_AMS_HRW_WHEAT_KANSAS_BID,HRW_WHEAT,KANSAS_GRAIN_BIDS,05/19/2026,ELEVATOR_BID,6.6158,USD_PER_BUSHEL,6.4875,6.8375,avg_price,$ Per Bushel,2886,AMS_2886,Kansas Daily Grain Bids,05/19/2026 12:55:30,Wheat,Hard Red Winter,US #1,Ordinary,Terminal Elevators,Grain - Kansas,Dodge City,KS,South,,,Basis,Bid,¢/Bu,-55,-20,GO,True,LOCAL_PROTO,https://marsapi.ams.usda.gov/services/v1.2/reports/2886/Report%20Detail
HRW_WHEAT,USDA_AMS_HRW_WHEAT_KANSAS_BID,HRW_WHEAT,KANSAS_GRAIN_BIDS,05/20/2026,ELEVATOR_BID,6.6875,USD_PER_BUSHEL,6.6875,6.6875,avg_price,$ Per Bushel,2886,AMS_2886,Kansas Daily Grain Bids,05/20/2026 12:53:30,Wheat,Hard Red Winter,US #1,Ordinary,Terminal Elevators,Grain - Kansas,Dodge City,KS,East,,,Basis,Bid,¢/Bu,-30,-30,GO,True,LOCAL_PROTO,https://marsapi.ams.usda.gov/services/v1.2/reports/2886/Report%20Detail
HRW_WHEAT,USDA_AMS_HRW_WHEAT_KANSAS_BID,HRW_WHEAT,KANSAS_GRAIN_BIDS,05/20/2026,ELEVATOR_BID,6.6575,USD_PER_BUSHEL,6.5375,6.7875,avg_price,$ Per Bushel,2886,AMS_2886,Kansas Daily Grain Bids,05/20/2026 12:53:30,Wheat,Hard Red Winter,US #1,Ordinary,Terminal Elevators,Grain - Kansas,Dodge City,KS,Central,,,Basis,Bid,¢/Bu,-45,-20,GO,True,LOCAL_PROTO,https://marsapi.ams.usda.gov/services/v1.2/reports/2886/Report%20Detail
HRW_WHEAT,USDA_AMS_HRW_WHEAT_KANSAS_BID,HRW_WHEAT,KANSAS_GRAIN_BIDS,05/20/2026,ELEVATOR_BID,6.5758,USD_PER_BUSHEL,6.4375,6.7875,avg_price,$ Per Bushel,2886,AMS_2886,Kansas Daily Grain Bids,05/20/2026 12:53:30,Wheat,Hard Red Winter,US #1,Ordinary,Terminal Elevators,Grain - Kansas,Dodge City,KS,South,,,Basis,Bid,¢/Bu,-55,-20,GO,True,LOCAL_PROTO,https://marsapi.ams.usda.gov/services/v1.2/reports/2886/Report%20Detail
HRW_WHEAT,USDA_AMS_HRW_WHEAT_KANSAS_BID,HRW_WHEAT,KANSAS_GRAIN_BIDS,05/20/2026,ELEVATOR_BID,6.4875,USD_PER_BUSHEL,6.4875,6.4875,avg_price,$ Per Bushel,2886,AMS_2886,Kansas Daily Grain Bids,05/20/2026 12:53:30,Wheat,Hard Red Winter,US #1,Ordinary,Terminal Elevators,Grain - Kansas,Dodge City,KS,North,,,Basis,Bid,¢/Bu,-50,-50,GO,True,LOCAL_PROTO,https://marsapi.ams.usda.gov/services/v1.2/reports/2886/Report%20Detail
HRW_WHEAT,USDA_AMS_HRW_WHEAT_KANSAS_BID,HRW_WHEAT,KANSAS_GRAIN_BIDS,05/20/2026,ELEVATOR_BID,6.3375,USD_PER_BUSHEL,6.3375,6.3375,avg_price,$ Per Bushel,2886,AMS_2886,Kansas Daily Grain Bids,05/20/2026 12:53:30,Wheat,Hard Red Winter,US #1,Ordinary,Country Elevators,Grain - Kansas,Dodge City,KS,Central,,,Basis,Bid,¢/Bu,-65,-65,GO,True,LOCAL_PROTO,https://marsapi.ams.usda.gov/services/v1.2/reports/2886/Report%20Detail
HRW_WHEAT,USDA_AMS_HRW_WHEAT_KANSAS_BID,HRW_WHEAT,KANSAS_GRAIN_BIDS,05/20/2026,ELEVATOR_BID,6.2688,USD_PER_BUSHEL,6.1875,6.2875,avg_price,$ Per Bushel,2886,AMS_2886,Kansas Daily Grain Bids,05/20/2026 12:53:30,Wheat,Hard Red Winter,US #1,Ordinary,Country Elevators,Grain - Kansas,Dodge City,KS,Southwest,,,Basis,Bid,¢/Bu,-80,-70,GO,True,LOCAL_PROTO,https://marsapi.ams.usda.gov/services/v1.2/reports/2886/Report%20Detail
HRW_WHEAT,USDA_AMS_HRW_WHEAT_KANSAS_BID,HRW_WHEAT,KANSAS_GRAIN_BIDS,05/20/2026,ELEVATOR_BID,6.25,USD_PER_BUSHEL,6.1875,6.3375,avg_price,$ Per Bushel,2886,AMS_2886,Kansas Daily Grain Bids,05/20/2026 12:53:30,Wheat,Hard Red Winter,US #1,Ordinary,Country Elevators,Grain - Kansas,Dodge City,KS,West,,,Basis,Bid,¢/Bu,-80,-65,GO,True,LOCAL_PROTO,https://marsapi.ams.usda.gov/services/v1.2/reports/2886/Report%20Detail
HRW_WHEAT,USDA_AMS_HRW_WHEAT_KANSAS_BID,HRW_WHEAT,KANSAS_GRAIN_BIDS,05/20/2026,ELEVATOR_BID,6.2375,USD_PER_BUSHEL,6.2375,6.2375,avg_price,$ Per Bushel,2886,AMS_2886,Kansas Daily Grain Bids,05/20/2026 12:53:30,Wheat,Hard Red Winter,US #1,Ordinary,Country Elevators,Grain - Kansas,Dodge City,KS,South,,,Basis,Bid,¢/Bu,-75,-75,GO,True,LOCAL_PROTO,https://marsapi.ams.usda.gov/services/v1.2/reports/2886/Report%20Detail
HRW_WHEAT,USDA_AMS_HRW_WHEAT_KANSAS_BID,HRW_WHEAT,KANSAS_GRAIN_BIDS,05/20/2026,ELEVATOR_BID,6.1625,USD_PER_BUSHEL,6.0875,6.2375,avg_price,$ Per Bushel,2886,AMS_2886,Kansas Daily Grain Bids,05/20/2026 12:53:30,Wheat,Hard Red Winter,US #1,Ordinary,Country Elevators,Grain - Kansas,Dodge City,KS,Northwest,,,Basis,Bid,¢/Bu,-90,-75,GO,True,LOCAL_PROTO,https://marsapi.ams.usda.gov/services/v1.2/reports/2886/Report%20Detail
HRW_WHEAT,USDA_AMS_HRW_WHEAT_KANSAS_BID,HRW_WHEAT,KANSAS_GRAIN_BIDS,05/21/2026,ELEVATOR_BID,6.57,USD_PER_BUSHEL,6.57,6.57,avg_price,$ Per Bushel,2886,AMS_2886,Kansas Daily Grain Bids,05/21/2026 13:48:40,Wheat,Hard Red Winter,US #1,Ordinary,Terminal Elevators,Grain - Kansas,Dodge City,KS,East,,,Basis,Bid,¢/Bu,-30,-30,GO,True,LOCAL_PROTO,https://marsapi.ams.usda.gov/services/v1.2/reports/2886/Report%20Detail
HRW_WHEAT,USDA_AMS_HRW_WHEAT_KANSAS_BID,HRW_WHEAT,KANSAS_GRAIN_BIDS,05/21/2026,ELEVATOR_BID,6.54,USD_PER_BUSHEL,6.42,6.67,avg_price,$ Per Bushel,2886,AMS_2886,Kansas Daily Grain Bids,05/21/2026 13:48:40,Wheat,Hard Red Winter,US #1,Ordinary,Terminal Elevators,Grain - Kansas,Dodge City,KS,Central,,,Basis,Bid,¢/Bu,-45,-20,GO,True,LOCAL_PROTO,https://marsapi.ams.usda.gov/services/v1.2/reports/2886/Report%20Detail
HRW_WHEAT,USDA_AMS_HRW_WHEAT_KANSAS_BID,HRW_WHEAT,KANSAS_GRAIN_BIDS,05/21/2026,ELEVATOR_BID,6.4583,USD_PER_BUSHEL,6.32,6.67,avg_price,$ Per Bushel,2886,AMS_2886,Kansas Daily Grain Bids,05/21/2026 13:48:40,Wheat,Hard Red Winter,US #1,Ordinary,Terminal Elevators,Grain - Kansas,Dodge City,KS,South,,,Basis,Bid,¢/Bu,-55,-20,GO,True,LOCAL_PROTO,https://marsapi.ams.usda.gov/services/v1.2/reports/2886/Report%20Detail
HRW_WHEAT,USDA_AMS_HRW_WHEAT_KANSAS_BID,HRW_WHEAT,KANSAS_GRAIN_BIDS,05/21/2026,ELEVATOR_BID,6.37,USD_PER_BUSHEL,6.37,6.37,avg_price,$ Per Bushel,2886,AMS_2886,Kansas Daily Grain Bids,05/21/2026 13:48:40,Wheat,Hard Red Winter,US #1,Ordinary,Terminal Elevators,Grain - Kansas,Dodge City,KS,North,,,Basis,Bid,¢/Bu,-50,-50,GO,True,LOCAL_PROTO,https://marsapi.ams.usda.gov/services/v1.2/reports/2886/Report%20Detail
HRW_WHEAT,USDA_AMS_HRW_WHEAT_KANSAS_BID,HRW_WHEAT,KANSAS_GRAIN_BIDS,05/21/2026,ELEVATOR_BID,6.22,USD_PER_BUSHEL,6.22,6.22,avg_price,$ Per Bushel,2886,AMS_2886,Kansas Daily Grain Bids,05/21/2026 13:48:40,Wheat,Hard Red Winter,US #1,Ordinary,Country Elevators,Grain - Kansas,Dodge City,KS,Central,,,Basis,Bid,¢/Bu,-65,-65,GO,True,LOCAL_PROTO,https://marsapi.ams.usda.gov/services/v1.2/reports/2886/Report%20Detail
HRW_WHEAT,USDA_AMS_HRW_WHEAT_KANSAS_BID,HRW_WHEAT,KANSAS_GRAIN_BIDS,05/21/2026,ELEVATOR_BID,6.1575,USD_PER_BUSHEL,6.12,6.17,avg_price,$ Per Bushel,2886,AMS_2886,Kansas Daily Grain Bids,05/21/2026 13:48:40,Wheat,Hard Red Winter,US #1,Ordinary,Country Elevators,Grain - Kansas,Dodge City,KS,Southwest,,,Basis,Bid,¢/Bu,-75,-70,GO,True,LOCAL_PROTO,https://marsapi.ams.usda.gov/services/v1.2/reports/2886/Report%20Detail
HRW_WHEAT,USDA_AMS_HRW_WHEAT_KANSAS_BID,HRW_WHEAT,KANSAS_GRAIN_BIDS,05/21/2026,ELEVATOR_BID,6.145,USD_PER_BUSHEL,6.07,6.22,avg_price,$ Per Bushel,2886,AMS_2886,Kansas Daily Grain Bids,05/21/2026 13:48:40,Wheat,Hard Red Winter,US #1,Ordinary,Country Elevators,Grain - Kansas,Dodge City,KS,West,,,Basis,Bid,¢/Bu,-80,-65,GO,True,LOCAL_PROTO,https://marsapi.ams.usda.gov/services/v1.2/reports/2886/Report%20Detail
HRW_WHEAT,USDA_AMS_HRW_WHEAT_KANSAS_BID,HRW_WHEAT,KANSAS_GRAIN_BIDS,05/21/2026,ELEVATOR_BID,6.12,USD_PER_BUSHEL,6.12,6.12,avg_price,$ Per Bushel,2886,AMS_2886,Kansas Daily Grain Bids,05/21/2026 13:48:40,Wheat,Hard Red Winter,US #1,Ordinary,Country Elevators,Grain - Kansas,Dodge City,KS,South,,,Basis,Bid,¢/Bu,-75,-75,GO,True,LOCAL_PROTO,https://marsapi.ams.usda.gov/services/v1.2/reports/2886/Report%20Detail
HRW_WHEAT,USDA_AMS_HRW_WHEAT_KANSAS_BID,HRW_WHEAT,KANSAS_GRAIN_BIDS,05/21/2026,ELEVATOR_BID,6.045,USD_PER_BUSHEL,5.97,6.12,avg_price,$ Per Bushel,2886,AMS_2886,Kansas Daily Grain Bids,05/21/2026 13:48:40,Wheat,Hard Red Winter,US #1,Ordinary,Country Elevators,Grain - Kansas,Dodge City,KS,Northwest,,,Basis,Bid,¢/Bu,-90,-75,GO,True,LOCAL_PROTO,https://marsapi.ams.usda.gov/services/v1.2/reports/2886/Report%20Detail
HRW_WHEAT,USDA_AMS_HRW_WHEAT_KANSAS_BID,HRW_WHEAT,KANSAS_GRAIN_BIDS,05/22/2026,ELEVATOR_BID,6.52,USD_PER_BUSHEL,6.52,6.52,avg_price,$ Per Bushel,2886,AMS_2886,Kansas Daily Grain Bids,05/22/2026 13:17:25,Wheat,Hard Red Winter,US #1,Ordinary,Terminal Elevators,Grain - Kansas,Dodge City,KS,East,,,Basis,Bid,¢/Bu,-30,-30,GO,True,LOCAL_PROTO,https://marsapi.ams.usda.gov/services/v1.2/reports/2886/Report%20Detail
HRW_WHEAT,USDA_AMS_HRW_WHEAT_KANSAS_BID,HRW_WHEAT,KANSAS_GRAIN_BIDS,05/22/2026,ELEVATOR_BID,6.49,USD_PER_BUSHEL,6.37,6.62,avg_price,$ Per Bushel,2886,AMS_2886,Kansas Daily Grain Bids,05/22/2026 13:17:25,Wheat,Hard Red Winter,US #1,Ordinary,Terminal Elevators,Grain - Kansas,Dodge City,KS,Central,,,Basis,Bid,¢/Bu,-45,-20,GO,True,LOCAL_PROTO,https://marsapi.ams.usda.gov/services/v1.2/reports/2886/Report%20Detail
HRW_WHEAT,USDA_AMS_HRW_WHEAT_KANSAS_BID,HRW_WHEAT,KANSAS_GRAIN_BIDS,05/22/2026,ELEVATOR_BID,6.425,USD_PER_BUSHEL,6.27,6.62,avg_price,$ Per Bushel,2886,AMS_2886,Kansas Daily Grain Bids,05/22/2026 13:17:25,Wheat,Hard Red Winter,US #1,Ordinary,Terminal Elevators,Grain - Kansas,Dodge City,KS,South,,,Basis,Bid,¢/Bu,-55,-20,GO,True,LOCAL_PROTO,https://marsapi.ams.usda.gov/services/v1.2/reports/2886/Report%20Detail
HRW_WHEAT,USDA_AMS_HRW_WHEAT_KANSAS_BID,HRW_WHEAT,KANSAS_GRAIN_BIDS,05/22/2026,ELEVATOR_BID,6.32,USD_PER_BUSHEL,6.32,6.32,avg_price,$ Per Bushel,2886,AMS_2886,Kansas Daily Grain Bids,05/22/2026 13:17:25,Wheat,Hard Red Winter,US #1,Ordinary,Terminal Elevators,Grain - Kansas,Dodge City,KS,North,,,Basis,Bid,¢/Bu,-50,-50,GO,True,LOCAL_PROTO,https://marsapi.ams.usda.gov/services/v1.2/reports/2886/Report%20Detail
HRW_WHEAT,USDA_AMS_HRW_WHEAT_KANSAS_BID,HRW_WHEAT,KANSAS_GRAIN_BIDS,05/22/2026,ELEVATOR_BID,6.17,USD_PER_BUSHEL,6.17,6.17,avg_price,$ Per Bushel,2886,AMS_2886,Kansas Daily Grain Bids,05/22/2026 13:17:25,Wheat,Hard Red Winter,US #1,Ordinary,Country Elevators,Grain - Kansas,Dodge City,KS,Central,,,Basis,Bid,¢/Bu,-65,-65,GO,True,LOCAL_PROTO,https://marsapi.ams.usda.gov/services/v1.2/reports/2886/Report%20Detail
HRW_WHEAT,USDA_AMS_HRW_WHEAT_KANSAS_BID,HRW_WHEAT,KANSAS_GRAIN_BIDS,05/22/2026,ELEVATOR_BID,6.1075,USD_PER_BUSHEL,6.07,6.12,avg_price,$ Per Bushel,2886,AMS_2886,Kansas Daily Grain Bids,05/22/2026 13:17:25,Wheat,Hard Red Winter,US #1,Ordinary,Country Elevators,Grain - Kansas,Dodge City,KS,Southwest,,,Basis,Bid,¢/Bu,-75,-70,GO,True,LOCAL_PROTO,https://marsapi.ams.usda.gov/services/v1.2/reports/2886/Report%20Detail
HRW_WHEAT,USDA_AMS_HRW_WHEAT_KANSAS_BID,HRW_WHEAT,KANSAS_GRAIN_BIDS,05/22/2026,ELEVATOR_BID,6.095,USD_PER_BUSHEL,6.02,6.17,avg_price,$ Per Bushel,2886,AMS_2886,Kansas Daily Grain Bids,05/22/2026 13:17:25,Wheat,Hard Red Winter,US #1,Ordinary,Country Elevators,Grain - Kansas,Dodge City,KS,West,,,Basis,Bid,¢/Bu,-80,-65,GO,True,LOCAL_PROTO,https://marsapi.ams.usda.gov/services/v1.2/reports/2886/Report%20Detail
HRW_WHEAT,USDA_AMS_HRW_WHEAT_KANSAS_BID,HRW_WHEAT,KANSAS_GRAIN_BIDS,05/22/2026,ELEVATOR_BID,6.07,USD_PER_BUSHEL,6.07,6.07,avg_price,$ Per Bushel,2886,AMS_2886,Kansas Daily Grain Bids,05/22/2026 13:17:25,Wheat,Hard Red Winter,US #1,Ordinary,Country Elevators,Grain - Kansas,Dodge City,KS,South,,,Basis,Bid,¢/Bu,-75,-75,GO,True,LOCAL_PROTO,https://marsapi.ams.usda.gov/services/v1.2/reports/2886/Report%20Detail
HRW_WHEAT,USDA_AMS_HRW_WHEAT_KANSAS_BID,HRW_WHEAT,KANSAS_GRAIN_BIDS,05/22/2026,ELEVATOR_BID,5.995,USD_PER_BUSHEL,5.92,6.07,avg_price,$ Per Bushel,2886,AMS_2886,Kansas Daily Grain Bids,05/22/2026 13:17:25,Wheat,Hard Red Winter,US #1,Ordinary,Country Elevators,Grain - Kansas,Dodge City,KS,Northwest,,,Basis,Bid,¢/Bu,-90,-75,GO,True,LOCAL_PROTO,https://marsapi.ams.usda.gov/services/v1.2/reports/2886/Report%20Detail
SOYBEAN_MEAL,USDA_AMS_SOYBEAN_MEAL_NATIONAL,SOYBEAN_MEAL,NATIONAL_PROCESSOR_FEEDSTUFF,05/04/2026,PHYSICAL_PRICE,423.9,USD_PER_SHORT_TON,423.9,423.9,avg_price,$ Per Ton,3511,AMS_3511,National Grain and Oilseed Processor Feedstuff Report,05/08/2026 14:03:13,Soybean Meal,,,46.5-48%,,,,,"Portland, OR",,,Basis,Ask,$ Per Ton,105,105,GO,True,LOCAL_PROTO,https://marsapi.ams.usda.gov/services/v1.2/reports/3511/Report%20Detail
SOYBEAN_MEAL,USDA_AMS_SOYBEAN_MEAL_NATIONAL,SOYBEAN_MEAL,NATIONAL_PROCESSOR_FEEDSTUFF,05/04/2026,PHYSICAL_PRICE,396.16,USD_PER_SHORT_TON,390.9,398.9,avg_price,$ Per Ton,3511,AMS_3511,National Grain and Oilseed Processor Feedstuff Report,05/08/2026 14:03:13,Soybean Meal,,,46.5-48%,,,,,CA-South,,,Basis,Ask,$ Per Ton,72,80,GO,True,LOCAL_PROTO,https://marsapi.ams.usda.gov/services/v1.2/reports/3511/Report%20Detail
SOYBEAN_MEAL,USDA_AMS_SOYBEAN_MEAL_NATIONAL,SOYBEAN_MEAL,NATIONAL_PROCESSOR_FEEDSTUFF,05/04/2026,PHYSICAL_PRICE,387.4,USD_PER_SHORT_TON,383.9,390.9,avg_price,$ Per Ton,3511,AMS_3511,National Grain and Oilseed Processor Feedstuff Report,05/08/2026 14:03:13,Soybean Meal,,,46.5-48%,,,,,Pacific Northwest,,,Basis,Ask,$ Per Ton,65,72,GO,True,LOCAL_PROTO,https://marsapi.ams.usda.gov/services/v1.2/reports/3511/Report%20Detail
SOYBEAN_MEAL,USDA_AMS_SOYBEAN_MEAL_NATIONAL,SOYBEAN_MEAL,NATIONAL_PROCESSOR_FEEDSTUFF,05/04/2026,PHYSICAL_PRICE,357.23,USD_PER_SHORT_TON,353.9,358.9,avg_price,$ Per Ton,3511,AMS_3511,National Grain and Oilseed Processor Feedstuff Report,05/08/2026 14:03:13,Soybean Meal,,,46.5-48%,,,,,Indiana-Ohio,,,Basis,Ask,$ Per Ton,35,40,GO,True,LOCAL_PROTO,https://marsapi.ams.usda.gov/services/v1.2/reports/3511/Report%20Detail
SOYBEAN_MEAL,USDA_AMS_SOYBEAN_MEAL_NATIONAL,SOYBEAN_MEAL,NATIONAL_PROCESSOR_FEEDSTUFF,05/04/2026,PHYSICAL_PRICE,354.17,USD_PER_SHORT_TON,348.9,366.3,avg_price,$ Per Ton,3511,AMS_3511,National Grain and Oilseed Processor Feedstuff Report,05/08/2026 14:03:13,Soybean Meal,,,46.5-48%,,,,,Indiana-Ohio,,,Basis,Ask,$ Per Ton,30,45,GO,True,LOCAL_PROTO,https://marsapi.ams.usda.gov/services/v1.2/reports/3511/Report%20Detail
SOYBEAN_MEAL,USDA_AMS_SOYBEAN_MEAL_NATIONAL,SOYBEAN_MEAL,NATIONAL_PROCESSOR_FEEDSTUFF,05/04/2026,PHYSICAL_PRICE,340.38,USD_PER_SHORT_TON,328.9,358.9,avg_price,$ Per Ton,3511,AMS_3511,National Grain and Oilseed Processor Feedstuff Report,05/08/2026 14:03:13,Soybean Meal,,,46.5-48%,,,,,Illinois,,,Basis,Ask,$ Per Ton,10,40,GO,True,LOCAL_PROTO,https://marsapi.ams.usda.gov/services/v1.2/reports/3511/Report%20Detail
SOYBEAN_MEAL,USDA_AMS_SOYBEAN_MEAL_NATIONAL,SOYBEAN_MEAL,NATIONAL_PROCESSOR_FEEDSTUFF,05/04/2026,PHYSICAL_PRICE,331.3,USD_PER_SHORT_TON,331.3,331.3,avg_price,$ Per Ton,3511,AMS_3511,National Grain and Oilseed Processor Feedstuff Report,05/08/2026 14:03:13,Soybean Meal,,,46.5-48%,,,,,Illinois,,,Basis,Ask,$ Per Ton,10,10,GO,True,LOCAL_PROTO,https://marsapi.ams.usda.gov/services/v1.2/reports/3511/Report%20Detail
SOYBEAN_MEAL,USDA_AMS_SOYBEAN_MEAL_NATIONAL,SOYBEAN_MEAL,NATIONAL_PROCESSOR_FEEDSTUFF,05/04/2026,PHYSICAL_PRICE,327.6,USD_PER_SHORT_TON,326.3,328.9,avg_price,$ Per Ton,3511,AMS_3511,National Grain and Oilseed Processor Feedstuff Report,05/08/2026 14:03:13,Soybean Meal,,,46.5-48%,,,,,KC Region,,,Basis,Ask,$ Per Ton,5,10,GO,True,LOCAL_PROTO,https://marsapi.ams.usda.gov/services/v1.2/reports/3511/Report%20Detail
SOYBEAN_MEAL,USDA_AMS_SOYBEAN_MEAL_NATIONAL,SOYBEAN_MEAL,NATIONAL_PROCESSOR_FEEDSTUFF,05/04/2026,PHYSICAL_PRICE,324.92,USD_PER_SHORT_TON,318.9,331.3,avg_price,$ Per Ton,3511,AMS_3511,National Grain and Oilseed Processor Feedstuff Report,05/08/2026 14:03:13,Soybean Meal,,,46.5-48%,,,,,Iowa,,,Basis,Ask,$ Per Ton,0,10,GO,True,LOCAL_PROTO,https://marsapi.ams.usda.gov/services/v1.2/reports/3511/Report%20Detail
SOYBEAN_MEAL,USDA_AMS_SOYBEAN_MEAL_NATIONAL,SOYBEAN_MEAL,NATIONAL_PROCESSOR_FEEDSTUFF,05/04/2026,PHYSICAL_PRICE,318.9,USD_PER_SHORT_TON,313.9,323.9,avg_price,$ Per Ton,3511,AMS_3511,National Grain and Oilseed Processor Feedstuff Report,05/08/2026 14:03:13,Soybean Meal,,,46.5-48%,,,,,Minnesota,,,Basis,Ask,$ Per Ton,-5,5,GO,True,LOCAL_PROTO,https://marsapi.ams.usda.gov/services/v1.2/reports/3511/Report%20Detail
SOYBEAN_MEAL,USDA_AMS_SOYBEAN_MEAL_NATIONAL,SOYBEAN_MEAL,NATIONAL_PROCESSOR_FEEDSTUFF,05/11/2026,PHYSICAL_PRICE,437.5,USD_PER_SHORT_TON,437.5,437.5,avg_price,$ Per Ton,3511,AMS_3511,National Grain and Oilseed Processor Feedstuff Report,05/15/2026 13:34:29,Soybean Meal,,,46.5-48%,,,,,"Portland, OR",,,Basis,Ask,$ Per Ton,105,105,GO,True,LOCAL_PROTO,https://marsapi.ams.usda.gov/services/v1.2/reports/3511/Report%20Detail
SOYBEAN_MEAL,USDA_AMS_SOYBEAN_MEAL_NATIONAL,SOYBEAN_MEAL,NATIONAL_PROCESSOR_FEEDSTUFF,05/11/2026,PHYSICAL_PRICE,410.84,USD_PER_SHORT_TON,399.2,417.5,avg_price,$ Per Ton,3511,AMS_3511,National Grain and Oilseed Processor Feedstuff Report,05/15/2026 13:34:29,Soybean Meal,,,46.5-48%,,,,,CA-South,,,Basis,Ask,$ Per Ton,66.7,85,GO,True,LOCAL_PROTO,https://marsapi.ams.usda.gov/services/v1.2/reports/3511/Report%20Detail
SOYBEAN_MEAL,USDA_AMS_SOYBEAN_MEAL_NATIONAL,SOYBEAN_MEAL,NATIONAL_PROCESSOR_FEEDSTUFF,05/11/2026,PHYSICAL_PRICE,405.0,USD_PER_SHORT_TON,397.5,412.5,avg_price,$ Per Ton,3511,AMS_3511,National Grain and Oilseed Processor Feedstuff Report,05/15/2026 13:34:29,Soybean Meal,,,46.5-48%,,,,,Pacific Northwest,,,Basis,Ask,$ Per Ton,65,80,GO,True,LOCAL_PROTO,https://marsapi.ams.usda.gov/services/v1.2/reports/3511/Report%20Detail
SOYBEAN_MEAL,USDA_AMS_SOYBEAN_MEAL_NATIONAL,SOYBEAN_MEAL,NATIONAL_PROCESSOR_FEEDSTUFF,05/11/2026,PHYSICAL_PRICE,370.83,USD_PER_SHORT_TON,367.5,372.5,avg_price,$ Per Ton,3511,AMS_3511,National Grain and Oilseed Processor Feedstuff Report,05/15/2026 13:34:29,Soybean Meal,,,46.5-48%,,,,,Indiana-Ohio,,,Basis,Ask,$ Per Ton,35,40,GO,True,LOCAL_PROTO,https://marsapi.ams.usda.gov/services/v1.2/reports/3511/Report%20Detail
SOYBEAN_MEAL,USDA_AMS_SOYBEAN_MEAL_NATIONAL,SOYBEAN_MEAL,NATIONAL_PROCESSOR_FEEDSTUFF,05/11/2026,PHYSICAL_PRICE,368.06,USD_PER_SHORT_TON,362.5,377.5,avg_price,$ Per Ton,3511,AMS_3511,National Grain and Oilseed Processor Feedstuff Report,05/15/2026 13:34:29,Soybean Meal,,,46.5-48%,,,,,Indiana-Ohio,,,Basis,Ask,$ Per Ton,30,45,GO,True,LOCAL_PROTO,https://marsapi.ams.usda.gov/services/v1.2/reports/3511/Report%20Detail
SOYBEAN_MEAL,USDA_AMS_SOYBEAN_MEAL_NATIONAL,SOYBEAN_MEAL,NATIONAL_PROCESSOR_FEEDSTUFF,05/11/2026,PHYSICAL_PRICE,353.5,USD_PER_SHORT_TON,342.5,372.5,avg_price,$ Per Ton,3511,AMS_3511,National Grain and Oilseed Processor Feedstuff Report,05/15/2026 13:34:29,Soybean Meal,,,46.5-48%,,,,,Illinois,,,Basis,Ask,$ Per Ton,10,40,GO,True,LOCAL_PROTO,https://marsapi.ams.usda.gov/services/v1.2/reports/3511/Report%20Detail
SOYBEAN_MEAL,USDA_AMS_SOYBEAN_MEAL_NATIONAL,SOYBEAN_MEAL,NATIONAL_PROCESSOR_FEEDSTUFF,05/11/2026,PHYSICAL_PRICE,342.5,USD_PER_SHORT_TON,342.5,342.5,avg_price,$ Per Ton,3511,AMS_3511,National Grain and Oilseed Processor Feedstuff Report,05/15/2026 13:34:29,Soybean Meal,,,46.5-48%,,,,,Illinois,,,Basis,Ask,$ Per Ton,10,10,GO,True,LOCAL_PROTO,https://marsapi.ams.usda.gov/services/v1.2/reports/3511/Report%20Detail
SOYBEAN_MEAL,USDA_AMS_SOYBEAN_MEAL_NATIONAL,SOYBEAN_MEAL,NATIONAL_PROCESSOR_FEEDSTUFF,05/11/2026,PHYSICAL_PRICE,342.5,USD_PER_SHORT_TON,342.5,342.5,avg_price,$ Per Ton,3511,AMS_3511,National Grain and Oilseed Processor Feedstuff Report,05/15/2026 13:34:29,Soybean Meal,,,46.5-48%,,,,,KC Region,,,Basis,Ask,$ Per Ton,10,10,GO,True,LOCAL_PROTO,https://marsapi.ams.usda.gov/services/v1.2/reports/3511/Report%20Detail
SOYBEAN_MEAL,USDA_AMS_SOYBEAN_MEAL_NATIONAL,SOYBEAN_MEAL,NATIONAL_PROCESSOR_FEEDSTUFF,05/11/2026,PHYSICAL_PRICE,334.9,USD_PER_SHORT_TON,322.5,342.5,avg_price,$ Per Ton,3511,AMS_3511,National Grain and Oilseed Processor Feedstuff Report,05/15/2026 13:34:29,Soybean Meal,,,46.5-48%,,,,,Iowa,,,Basis,Ask,$ Per Ton,-10,10,GO,True,LOCAL_PROTO,https://marsapi.ams.usda.gov/services/v1.2/reports/3511/Report%20Detail
SOYBEAN_MEAL,USDA_AMS_SOYBEAN_MEAL_NATIONAL,SOYBEAN_MEAL,NATIONAL_PROCESSOR_FEEDSTUFF,05/11/2026,PHYSICAL_PRICE,329.5,USD_PER_SHORT_TON,327.5,332.5,avg_price,$ Per Ton,3511,AMS_3511,National Grain and Oilseed Processor Feedstuff Report,05/15/2026 13:34:29,Soybean Meal,,,46.5-48%,,,,,Minnesota,,,Basis,Ask,$ Per Ton,-5,0,GO,True,LOCAL_PROTO,https://marsapi.ams.usda.gov/services/v1.2/reports/3511/Report%20Detail
SOYBEAN_MEAL,USDA_AMS_SOYBEAN_MEAL_NATIONAL,SOYBEAN_MEAL,NATIONAL_PROCESSOR_FEEDSTUFF,05/18/2026,PHYSICAL_PRICE,433.4,USD_PER_SHORT_TON,433.4,433.4,avg_price,$ Per Ton,3511,AMS_3511,National Grain and Oilseed Processor Feedstuff Report,05/22/2026 13:39:05,Soybean Meal,,,46.5-48%,,,,,"Portland, OR",,,Basis,Ask,$ Per Ton,105,105,GO,True,LOCAL_PROTO,https://marsapi.ams.usda.gov/services/v1.2/reports/3511/Report%20Detail
SOYBEAN_MEAL,USDA_AMS_SOYBEAN_MEAL_NATIONAL,SOYBEAN_MEAL,NATIONAL_PROCESSOR_FEEDSTUFF,05/18/2026,PHYSICAL_PRICE,408.62,USD_PER_SHORT_TON,398.4,413.4,avg_price,$ Per Ton,3511,AMS_3511,National Grain and Oilseed Processor Feedstuff Report,05/22/2026 13:39:05,Soybean Meal,,,46.5-48%,,,,,CA-South,,,Basis,Ask,$ Per Ton,70,85,GO,True,LOCAL_PROTO,https://marsapi.ams.usda.gov/services/v1.2/reports/3511/Report%20Detail
SOYBEAN_MEAL,USDA_AMS_SOYBEAN_MEAL_NATIONAL,SOYBEAN_MEAL,NATIONAL_PROCESSOR_FEEDSTUFF,05/18/2026,PHYSICAL_PRICE,399.9,USD_PER_SHORT_TON,393.4,406.4,avg_price,$ Per Ton,3511,AMS_3511,National Grain and Oilseed Processor Feedstuff Report,05/22/2026 13:39:05,Soybean Meal,,,46.5-48%,,,,,Pacific Northwest,,,Basis,Ask,$ Per Ton,65,78,GO,True,LOCAL_PROTO,https://marsapi.ams.usda.gov/services/v1.2/reports/3511/Report%20Detail
SOYBEAN_MEAL,USDA_AMS_SOYBEAN_MEAL_NATIONAL,SOYBEAN_MEAL,NATIONAL_PROCESSOR_FEEDSTUFF,05/18/2026,PHYSICAL_PRICE,366.73,USD_PER_SHORT_TON,363.4,368.4,avg_price,$ Per Ton,3511,AMS_3511,National Grain and Oilseed Processor Feedstuff Report,05/22/2026 13:39:05,Soybean Meal,,,46.5-48%,,,,,Indiana-Ohio,,,Basis,Ask,$ Per Ton,35,40,GO,True,LOCAL_PROTO,https://marsapi.ams.usda.gov/services/v1.2/reports/3511/Report%20Detail
SOYBEAN_MEAL,USDA_AMS_SOYBEAN_MEAL_NATIONAL,SOYBEAN_MEAL,NATIONAL_PROCESSOR_FEEDSTUFF,05/18/2026,PHYSICAL_PRICE,363.96,USD_PER_SHORT_TON,358.4,373.4,avg_price,$ Per Ton,3511,AMS_3511,National Grain and Oilseed Processor Feedstuff Report,05/22/2026 13:39:05,Soybean Meal,,,46.5-48%,,,,,Indiana-Ohio,,,Basis,Ask,$ Per Ton,30,45,GO,True,LOCAL_PROTO,https://marsapi.ams.usda.gov/services/v1.2/reports/3511/Report%20Detail
SOYBEAN_MEAL,USDA_AMS_SOYBEAN_MEAL_NATIONAL,SOYBEAN_MEAL,NATIONAL_PROCESSOR_FEEDSTUFF,05/18/2026,PHYSICAL_PRICE,349.4,USD_PER_SHORT_TON,338.4,368.4,avg_price,$ Per Ton,3511,AMS_3511,National Grain and Oilseed Processor Feedstuff Report,05/22/2026 13:39:05,Soybean Meal,,,46.5-48%,,,,,Illinois,,,Basis,Ask,$ Per Ton,10,40,GO,True,LOCAL_PROTO,https://marsapi.ams.usda.gov/services/v1.2/reports/3511/Report%20Detail
SOYBEAN_MEAL,USDA_AMS_SOYBEAN_MEAL_NATIONAL,SOYBEAN_MEAL,NATIONAL_PROCESSOR_FEEDSTUFF,05/18/2026,PHYSICAL_PRICE,338.4,USD_PER_SHORT_TON,338.4,338.4,avg_price,$ Per Ton,3511,AMS_3511,National Grain and Oilseed Processor Feedstuff Report,05/22/2026 13:39:05,Soybean Meal,,,46.5-48%,,,,,KC Region,,,Basis,Ask,$ Per Ton,10,10,GO,True,LOCAL_PROTO,https://marsapi.ams.usda.gov/services/v1.2/reports/3511/Report%20Detail
SOYBEAN_MEAL,USDA_AMS_SOYBEAN_MEAL_NATIONAL,SOYBEAN_MEAL,NATIONAL_PROCESSOR_FEEDSTUFF,05/18/2026,PHYSICAL_PRICE,338.4,USD_PER_SHORT_TON,338.4,338.4,avg_price,$ Per Ton,3511,AMS_3511,National Grain and Oilseed Processor Feedstuff Report,05/22/2026 13:39:05,Soybean Meal,,,46.5-48%,,,,,Illinois,,,Basis,Ask,$ Per Ton,10,10,GO,True,LOCAL_PROTO,https://marsapi.ams.usda.gov/services/v1.2/reports/3511/Report%20Detail
SOYBEAN_MEAL,USDA_AMS_SOYBEAN_MEAL_NATIONAL,SOYBEAN_MEAL,NATIONAL_PROCESSOR_FEEDSTUFF,05/18/2026,PHYSICAL_PRICE,329.1,USD_PER_SHORT_TON,318.4,338.4,avg_price,$ Per Ton,3511,AMS_3511,National Grain and Oilseed Processor Feedstuff Report,05/22/2026 13:39:05,Soybean Meal,,,46.5-48%,,,,,Iowa,,,Basis,Ask,$ Per Ton,-10,10,GO,True,LOCAL_PROTO,https://marsapi.ams.usda.gov/services/v1.2/reports/3511/Report%20Detail
SOYBEAN_MEAL,USDA_AMS_SOYBEAN_MEAL_NATIONAL,SOYBEAN_MEAL,NATIONAL_PROCESSOR_FEEDSTUFF,05/18/2026,PHYSICAL_PRICE,324.4,USD_PER_SHORT_TON,318.4,328.4,avg_price,$ Per Ton,3511,AMS_3511,National Grain and Oilseed Processor Feedstuff Report,05/22/2026 13:39:05,Soybean Meal,,,46.5-48%,,,,,Minnesota,,,Basis,Ask,$ Per Ton,-10,0,GO,True,LOCAL_PROTO,https://marsapi.ams.usda.gov/services/v1.2/reports/3511/Report%20Detail
SRW_WHEAT,USDA_AMS_SRW_WHEAT_BID,SRW_WHEAT,US_SRW_GRAIN_BIDS,05/19/2026,ELEVATOR_BID,8.1725,USD_PER_BUSHEL,8.1725,8.1725,avg_price,$ Per Bushel,2787,AMS_2787,South Carolina Daily Grain Bids,05/19/2026 13:09:55,Wheat,Soft Red Winter,US #2,Ordinary,Mills and Processors,Grain - South Carolina,Columbia,SC,Central,SC,Columbia,Basis,Bid,¢/Bu,150,150,GO,True,LOCAL_PROTO,https://marsapi.ams.usda.gov/services/v1.2/reports/2787/Report%20Detail
SRW_WHEAT,USDA_AMS_SRW_WHEAT_BID,SRW_WHEAT,US_SRW_GRAIN_BIDS,05/19/2026,ELEVATOR_BID,6.2725,USD_PER_BUSHEL,6.2725,6.2725,avg_price,$ Per Bushel,2787,AMS_2787,South Carolina Daily Grain Bids,05/19/2026 13:09:55,Wheat,Soft Red Winter,US #2,Ordinary,Country Elevators,Grain - South Carolina,Columbia,SC,,SC,Anderson,Basis,Bid,¢/Bu,-40,-40,GO,True,LOCAL_PROTO,https://marsapi.ams.usda.gov/services/v1.2/reports/2787/Report%20Detail
SRW_WHEAT,USDA_AMS_SRW_WHEAT_BID,SRW_WHEAT,US_SRW_GRAIN_BIDS,05/19/2026,ELEVATOR_BID,5.15,USD_PER_BUSHEL,5.15,5.15,avg_price,$ Per Bushel,2787,AMS_2787,South Carolina Daily Grain Bids,05/19/2026 13:09:55,Wheat,Soft Red Winter,US #2,Ordinary,Mills and Processors,Grain - South Carolina,Columbia,SC,,SC,Cassatt,Price,Bid,,,,GO,True,LOCAL_PROTO,https://marsapi.ams.usda.gov/services/v1.2/reports/2787/Report%20Detail
SRW_WHEAT,USDA_AMS_SRW_WHEAT_BID,SRW_WHEAT,US_SRW_GRAIN_BIDS,05/19/2026,ELEVATOR_BID,6.5225,USD_PER_BUSHEL,6.4725,6.5725,avg_price,$ Per Bushel,2851,AMS_2851,Ohio Daily Grain Bids,05/19/2026 13:55:44,Wheat,Soft Red Winter,US #2,Ordinary,Terminal Elevators,Grain - Ohio,Columbus,OH,Toledo - On River,,,Basis,Bid,¢/Bu,-20,-10,GO,True,LOCAL_PROTO,https://marsapi.ams.usda.gov/services/v1.2/reports/2851/Report%20Detail
SRW_WHEAT,USDA_AMS_SRW_WHEAT_BID,SRW_WHEAT,US_SRW_GRAIN_BIDS,05/19/2026,ELEVATOR_BID,6.4725,USD_PER_BUSHEL,6.4225,6.5225,avg_price,$ Per Bushel,2851,AMS_2851,Ohio Daily Grain Bids,05/19/2026 13:55:44,Wheat,Soft Red Winter,US #2,Ordinary,Terminal Elevators,Grain - Ohio,Columbus,OH,Toledo - Off River,,,Basis,Bid,¢/Bu,-25,-15,GO,True,LOCAL_PROTO,https://marsapi.ams.usda.gov/services/v1.2/reports/2851/Report%20Detail
SRW_WHEAT,USDA_AMS_SRW_WHEAT_BID,SRW_WHEAT,US_SRW_GRAIN_BIDS,05/19/2026,ELEVATOR_BID,6.4475,USD_PER_BUSHEL,6.3725,6.5225,avg_price,$ Per Bushel,2851,AMS_2851,Ohio Daily Grain Bids,05/19/2026 13:55:44,Wheat,Soft Red Winter,US #2,Ordinary,Terminal Elevators,Grain - Ohio,Columbus,OH,Toledo - Off River,,,Basis,Bid,¢/Bu,-30,-15,GO,True,LOCAL_PROTO,https://marsapi.ams.usda.gov/services/v1.2/reports/2851/Report%20Detail
SRW_WHEAT,USDA_AMS_SRW_WHEAT_BID,SRW_WHEAT,US_SRW_GRAIN_BIDS,05/19/2026,ELEVATOR_BID,6.3525,USD_PER_BUSHEL,6.3525,6.3525,avg_price,$ Per Bushel,2851,AMS_2851,Ohio Daily Grain Bids,05/19/2026 13:55:44,Wheat,Soft Red Winter,US #2,Ordinary,Barge Loading Elevators,Grain - Ohio,Columbus,OH,Ohio River,,,Basis,Bid,¢/Bu,-32,-32,GO,True,LOCAL_PROTO,https://marsapi.ams.usda.gov/services/v1.2/reports/2851/Report%20Detail
SRW_WHEAT,USDA_AMS_SRW_WHEAT_BID,SRW_WHEAT,US_SRW_GRAIN_BIDS,05/19/2026,ELEVATOR_BID,6.1725,USD_PER_BUSHEL,6.1725,6.1725,avg_price,$ Per Bushel,2851,AMS_2851,Ohio Daily Grain Bids,05/19/2026 13:55:44,Wheat,Soft Red Winter,US #2,Ordinary,Country Elevators,Grain - Ohio,Columbus,OH,East,,,Basis,Bid,¢/Bu,-50,-50,GO,True,LOCAL_PROTO,https://marsapi.ams.usda.gov/services/v1.2/reports/2851/Report%20Detail
SRW_WHEAT,USDA_AMS_SRW_WHEAT_BID,SRW_WHEAT,US_SRW_GRAIN_BIDS,05/19/2026,ELEVATOR_BID,5.96,USD_PER_BUSHEL,5.9225,5.9725,avg_price,$ Per Bushel,2851,AMS_2851,Ohio Daily Grain Bids,05/19/2026 13:55:44,Wheat,Soft Red Winter,US #2,Ordinary,Country Elevators,Grain - Ohio,Columbus,OH,East,,,Basis,Bid,¢/Bu,-75,-70,GO,True,LOCAL_PROTO,https://marsapi.ams.usda.gov/services/v1.2/reports/2851/Report%20Detail
SRW_WHEAT,USDA_AMS_SRW_WHEAT_BID,SRW_WHEAT,US_SRW_GRAIN_BIDS,05/20/2026,ELEVATOR_BID,8.105,USD_PER_BUSHEL,8.105,8.105,avg_price,$ Per Bushel,2787,AMS_2787,South Carolina Daily Grain Bids,05/20/2026 13:29:39,Wheat,Soft Red Winter,US #2,Ordinary,Mills and Processors,Grain - South Carolina,Columbia,SC,Central,SC,Columbia,Basis,Bid,¢/Bu,150,150,GO,True,LOCAL_PROTO,https://marsapi.ams.usda.gov/services/v1.2/reports/2787/Report%20Detail
SRW_WHEAT,USDA_AMS_SRW_WHEAT_BID,SRW_WHEAT,US_SRW_GRAIN_BIDS,05/20/2026,ELEVATOR_BID,6.205,USD_PER_BUSHEL,6.205,6.205,avg_price,$ Per Bushel,2787,AMS_2787,South Carolina Daily Grain Bids,05/20/2026 13:29:39,Wheat,Soft Red Winter,US #2,Ordinary,Country Elevators,Grain - South Carolina,Columbia,SC,,SC,Anderson,Basis,Bid,¢/Bu,-40,-40,GO,True,LOCAL_PROTO,https://marsapi.ams.usda.gov/services/v1.2/reports/2787/Report%20Detail
SRW_WHEAT,USDA_AMS_SRW_WHEAT_BID,SRW_WHEAT,US_SRW_GRAIN_BIDS,05/20/2026,ELEVATOR_BID,5.06,USD_PER_BUSHEL,5.06,5.06,avg_price,$ Per Bushel,2787,AMS_2787,South Carolina Daily Grain Bids,05/20/2026 13:29:39,Wheat,Soft Red Winter,US #2,Ordinary,Mills and Processors,Grain - South Carolina,Columbia,SC,,SC,Cassatt,Price,Bid,,,,GO,True,LOCAL_PROTO,https://marsapi.ams.usda.gov/services/v1.2/reports/2787/Report%20Detail
SRW_WHEAT,USDA_AMS_SRW_WHEAT_BID,SRW_WHEAT,US_SRW_GRAIN_BIDS,05/20/2026,ELEVATOR_BID,6.455,USD_PER_BUSHEL,6.405,6.505,avg_price,$ Per Bushel,2851,AMS_2851,Ohio Daily Grain Bids,05/20/2026 14:05:06,Wheat,Soft Red Winter,US #2,Ordinary,Terminal Elevators,Grain - Ohio,Columbus,OH,Toledo - On River,,,Basis,Bid,¢/Bu,-20,-10,GO,True,LOCAL_PROTO,https://marsapi.ams.usda.gov/services/v1.2/reports/2851/Report%20Detail
SRW_WHEAT,USDA_AMS_SRW_WHEAT_BID,SRW_WHEAT,US_SRW_GRAIN_BIDS,05/20/2026,ELEVATOR_BID,6.405,USD_PER_BUSHEL,6.355,6.455,avg_price,$ Per Bushel,2851,AMS_2851,Ohio Daily Grain Bids,05/20/2026 14:05:06,Wheat,Soft Red Winter,US #2,Ordinary,Terminal Elevators,Grain - Ohio,Columbus,OH,Toledo - Off River,,,Basis,Bid,¢/Bu,-25,-15,GO,True,LOCAL_PROTO,https://marsapi.ams.usda.gov/services/v1.2/reports/2851/Report%20Detail
SRW_WHEAT,USDA_AMS_SRW_WHEAT_BID,SRW_WHEAT,US_SRW_GRAIN_BIDS,05/20/2026,ELEVATOR_BID,6.38,USD_PER_BUSHEL,6.305,6.455,avg_price,$ Per Bushel,2851,AMS_2851,Ohio Daily Grain Bids,05/20/2026 14:05:06,Wheat,Soft Red Winter,US #2,Ordinary,Terminal Elevators,Grain - Ohio,Columbus,OH,Toledo - Off River,,,Basis,Bid,¢/Bu,-30,-15,GO,True,LOCAL_PROTO,https://marsapi.ams.usda.gov/services/v1.2/reports/2851/Report%20Detail
SRW_WHEAT,USDA_AMS_SRW_WHEAT_BID,SRW_WHEAT,US_SRW_GRAIN_BIDS,05/20/2026,ELEVATOR_BID,6.285,USD_PER_BUSHEL,6.285,6.285,avg_price,$ Per Bushel,2851,AMS_2851,Ohio Daily Grain Bids,05/20/2026 14:05:06,Wheat,Soft Red Winter,US #2,Ordinary,Barge Loading Elevators,Grain - Ohio,Columbus,OH,Ohio River,,,Basis,Bid,¢/Bu,-32,-32,GO,True,LOCAL_PROTO,https://marsapi.ams.usda.gov/services/v1.2/reports/2851/Report%20Detail
SRW_WHEAT,USDA_AMS_SRW_WHEAT_BID,SRW_WHEAT,US_SRW_GRAIN_BIDS,05/20/2026,ELEVATOR_BID,6.105,USD_PER_BUSHEL,6.105,6.105,avg_price,$ Per Bushel,2851,AMS_2851,Ohio Daily Grain Bids,05/20/2026 14:05:06,Wheat,Soft Red Winter,US #2,Ordinary,Country Elevators,Grain - Ohio,Columbus,OH,East,,,Basis,Bid,¢/Bu,-50,-50,GO,True,LOCAL_PROTO,https://marsapi.ams.usda.gov/services/v1.2/reports/2851/Report%20Detail
SRW_WHEAT,USDA_AMS_SRW_WHEAT_BID,SRW_WHEAT,US_SRW_GRAIN_BIDS,05/20/2026,ELEVATOR_BID,5.8925,USD_PER_BUSHEL,5.855,5.905,avg_price,$ Per Bushel,2851,AMS_2851,Ohio Daily Grain Bids,05/20/2026 14:05:06,Wheat,Soft Red Winter,US #2,Ordinary,Country Elevators,Grain - Ohio,Columbus,OH,East,,,Basis,Bid,¢/Bu,-75,-70,GO,True,LOCAL_PROTO,https://marsapi.ams.usda.gov/services/v1.2/reports/2851/Report%20Detail
SRW_WHEAT,USDA_AMS_SRW_WHEAT_BID,SRW_WHEAT,US_SRW_GRAIN_BIDS,05/21/2026,ELEVATOR_BID,7.975,USD_PER_BUSHEL,7.975,7.975,avg_price,$ Per Bushel,2787,AMS_2787,South Carolina Daily Grain Bids,05/21/2026 12:54:24,Wheat,Soft Red Winter,US #2,Ordinary,Mills and Processors,Grain - South Carolina,Columbia,SC,Central,SC,Columbia,Basis,Bid,¢/Bu,150,150,GO,True,LOCAL_PROTO,https://marsapi.ams.usda.gov/services/v1.2/reports/2787/Report%20Detail
SRW_WHEAT,USDA_AMS_SRW_WHEAT_BID,SRW_WHEAT,US_SRW_GRAIN_BIDS,05/21/2026,ELEVATOR_BID,6.075,USD_PER_BUSHEL,6.075,6.075,avg_price,$ Per Bushel,2787,AMS_2787,South Carolina Daily Grain Bids,05/21/2026 12:54:24,Wheat,Soft Red Winter,US #2,Ordinary,Country Elevators,Grain - South Carolina,Columbia,SC,,SC,Anderson,Basis,Bid,¢/Bu,-40,-40,GO,True,LOCAL_PROTO,https://marsapi.ams.usda.gov/services/v1.2/reports/2787/Report%20Detail
SRW_WHEAT,USDA_AMS_SRW_WHEAT_BID,SRW_WHEAT,US_SRW_GRAIN_BIDS,05/21/2026,ELEVATOR_BID,5.02,USD_PER_BUSHEL,5.02,5.02,avg_price,$ Per Bushel,2787,AMS_2787,South Carolina Daily Grain Bids,05/21/2026 12:54:24,Wheat,Soft Red Winter,US #2,Ordinary,Mills and Processors,Grain - South Carolina,Columbia,SC,,SC,Cassatt,Price,Bid,,,,GO,True,LOCAL_PROTO,https://marsapi.ams.usda.gov/services/v1.2/reports/2787/Report%20Detail
SRW_WHEAT,USDA_AMS_SRW_WHEAT_BID,SRW_WHEAT,US_SRW_GRAIN_BIDS,05/21/2026,ELEVATOR_BID,6.325,USD_PER_BUSHEL,6.275,6.375,avg_price,$ Per Bushel,2851,AMS_2851,Ohio Daily Grain Bids,05/21/2026 13:12:51,Wheat,Soft Red Winter,US #2,Ordinary,Terminal Elevators,Grain - Ohio,Columbus,OH,Toledo - On River,,,Basis,Bid,¢/Bu,-20,-10,GO,True,LOCAL_PROTO,https://marsapi.ams.usda.gov/services/v1.2/reports/2851/Report%20Detail
SRW_WHEAT,USDA_AMS_SRW_WHEAT_BID,SRW_WHEAT,US_SRW_GRAIN_BIDS,05/21/2026,ELEVATOR_BID,6.275,USD_PER_BUSHEL,6.225,6.325,avg_price,$ Per Bushel,2851,AMS_2851,Ohio Daily Grain Bids,05/21/2026 13:12:51,Wheat,Soft Red Winter,US #2,Ordinary,Terminal Elevators,Grain - Ohio,Columbus,OH,Toledo - Off River,,,Basis,Bid,¢/Bu,-25,-15,GO,True,LOCAL_PROTO,https://marsapi.ams.usda.gov/services/v1.2/reports/2851/Report%20Detail
SRW_WHEAT,USDA_AMS_SRW_WHEAT_BID,SRW_WHEAT,US_SRW_GRAIN_BIDS,05/21/2026,ELEVATOR_BID,6.25,USD_PER_BUSHEL,6.175,6.325,avg_price,$ Per Bushel,2851,AMS_2851,Ohio Daily Grain Bids,05/21/2026 13:12:51,Wheat,Soft Red Winter,US #2,Ordinary,Terminal Elevators,Grain - Ohio,Columbus,OH,Toledo - Off River,,,Basis,Bid,¢/Bu,-30,-15,GO,True,LOCAL_PROTO,https://marsapi.ams.usda.gov/services/v1.2/reports/2851/Report%20Detail
SRW_WHEAT,USDA_AMS_SRW_WHEAT_BID,SRW_WHEAT,US_SRW_GRAIN_BIDS,05/21/2026,ELEVATOR_BID,6.155,USD_PER_BUSHEL,6.155,6.155,avg_price,$ Per Bushel,2851,AMS_2851,Ohio Daily Grain Bids,05/21/2026 13:12:51,Wheat,Soft Red Winter,US #2,Ordinary,Barge Loading Elevators,Grain - Ohio,Columbus,OH,Ohio River,,,Basis,Bid,¢/Bu,-32,-32,GO,True,LOCAL_PROTO,https://marsapi.ams.usda.gov/services/v1.2/reports/2851/Report%20Detail
SRW_WHEAT,USDA_AMS_SRW_WHEAT_BID,SRW_WHEAT,US_SRW_GRAIN_BIDS,05/21/2026,ELEVATOR_BID,5.975,USD_PER_BUSHEL,5.975,5.975,avg_price,$ Per Bushel,2851,AMS_2851,Ohio Daily Grain Bids,05/21/2026 13:12:51,Wheat,Soft Red Winter,US #2,Ordinary,Country Elevators,Grain - Ohio,Columbus,OH,East,,,Basis,Bid,¢/Bu,-50,-50,GO,True,LOCAL_PROTO,https://marsapi.ams.usda.gov/services/v1.2/reports/2851/Report%20Detail
SRW_WHEAT,USDA_AMS_SRW_WHEAT_BID,SRW_WHEAT,US_SRW_GRAIN_BIDS,05/21/2026,ELEVATOR_BID,5.7625,USD_PER_BUSHEL,5.725,5.775,avg_price,$ Per Bushel,2851,AMS_2851,Ohio Daily Grain Bids,05/21/2026 13:12:51,Wheat,Soft Red Winter,US #2,Ordinary,Country Elevators,Grain - Ohio,Columbus,OH,East,,,Basis,Bid,¢/Bu,-75,-70,GO,True,LOCAL_PROTO,https://marsapi.ams.usda.gov/services/v1.2/reports/2851/Report%20Detail
SRW_WHEAT,USDA_AMS_SRW_WHEAT_BID,SRW_WHEAT,US_SRW_GRAIN_BIDS,05/22/2026,ELEVATOR_BID,7.9625,USD_PER_BUSHEL,7.9625,7.9625,avg_price,$ Per Bushel,2787,AMS_2787,South Carolina Daily Grain Bids,05/22/2026 12:49:23,Wheat,Soft Red Winter,US #2,Ordinary,Mills and Processors,Grain - South Carolina,Columbia,SC,Central,SC,Columbia,Basis,Bid,¢/Bu,150,150,GO,True,LOCAL_PROTO,https://marsapi.ams.usda.gov/services/v1.2/reports/2787/Report%20Detail
SRW_WHEAT,USDA_AMS_SRW_WHEAT_BID,SRW_WHEAT,US_SRW_GRAIN_BIDS,05/22/2026,ELEVATOR_BID,6.0625,USD_PER_BUSHEL,6.0625,6.0625,avg_price,$ Per Bushel,2787,AMS_2787,South Carolina Daily Grain Bids,05/22/2026 12:49:23,Wheat,Soft Red Winter,US #2,Ordinary,Country Elevators,Grain - South Carolina,Columbia,SC,,SC,Anderson,Basis,Bid,¢/Bu,-40,-40,GO,True,LOCAL_PROTO,https://marsapi.ams.usda.gov/services/v1.2/reports/2787/Report%20Detail
SRW_WHEAT,USDA_AMS_SRW_WHEAT_BID,SRW_WHEAT,US_SRW_GRAIN_BIDS,05/22/2026,ELEVATOR_BID,5.03,USD_PER_BUSHEL,5.03,5.03,avg_price,$ Per Bushel,2787,AMS_2787,South Carolina Daily Grain Bids,05/22/2026 12:49:23,Wheat,Soft Red Winter,US #2,Ordinary,Mills and Processors,Grain - South Carolina,Columbia,SC,,SC,Cassatt,Price,Bid,,,,GO,True,LOCAL_PROTO,https://marsapi.ams.usda.gov/services/v1.2/reports/2787/Report%20Detail
