source_id,instrument,timestamp,data_type,oil_rigs,gas_rigs,misc_rigs,total_rigs,oil_rigs_delta_1w,gas_rigs_delta_1w,misc_rigs_delta_1w,total_rigs_delta_1w,energy_scarcity_trigger,oil_scarcity_trigger,gas_scarcity_trigger,total_scarcity_trigger,directional_bias,confidence,trigger_reason,unit,frequency,tos_status,gatekeeper_cleared,gatekeeper_id,raw_source_url,raw_file_name,source_sheet,normalized_at,trigger_components,trigger_threshold
BAKER_HUGHES_RIG_COUNT_WEEKLY,US_RIG_COUNT,2024-01-05,RIG_COUNT,501,118,2,621,,,,,False,False,False,False,neutral_energy_supply_signal,low,Insufficient previous week history to compute WoW trigger.,RIG_COUNT,WEEKLY,GO,True,LOCAL_PROTO,LOCAL_FILE:C:\Users\78432\Downloads\05-22-2026 North_America Rig_Count Report.xlsx,05-22-2026 North_America Rig_Count Report.xlsx,NAM Weekly,2026-05-25T21:16:27+00:00,"{""oil_scarcity_trigger"": false, ""gas_scarcity_trigger"": false, ""total_scarcity_trigger"": false}",-10
BAKER_HUGHES_RIG_COUNT_WEEKLY,US_RIG_COUNT,2024-01-12,RIG_COUNT,499,117,3,619,-2,-1,1,-2,False,False,False,False,neutral_energy_supply_signal,low,No oil/gas/total rig category fell by 10 or more WoW.,RIG_COUNT,WEEKLY,GO,True,LOCAL_PROTO,LOCAL_FILE:C:\Users\78432\Downloads\05-22-2026 North_America Rig_Count Report.xlsx,05-22-2026 North_America Rig_Count Report.xlsx,NAM Weekly,2026-05-25T21:16:27+00:00,"{""oil_scarcity_trigger"": false, ""gas_scarcity_trigger"": false, ""total_scarcity_trigger"": false}",-10
BAKER_HUGHES_RIG_COUNT_WEEKLY,US_RIG_COUNT,2024-01-19,RIG_COUNT,497,120,3,620,-2,3,0,1,False,False,False,False,neutral_energy_supply_signal,low,No oil/gas/total rig category fell by 10 or more WoW.,RIG_COUNT,WEEKLY,GO,True,LOCAL_PROTO,LOCAL_FILE:C:\Users\78432\Downloads\05-22-2026 North_America Rig_Count Report.xlsx,05-22-2026 North_America Rig_Count Report.xlsx,NAM Weekly,2026-05-25T21:16:27+00:00,"{""oil_scarcity_trigger"": false, ""gas_scarcity_trigger"": false, ""total_scarcity_trigger"": false}",-10
BAKER_HUGHES_RIG_COUNT_WEEKLY,US_RIG_COUNT,2024-01-26,RIG_COUNT,499,119,3,621,2,-1,0,1,False,False,False,False,neutral_energy_supply_signal,low,No oil/gas/total rig category fell by 10 or more WoW.,RIG_COUNT,WEEKLY,GO,True,LOCAL_PROTO,LOCAL_FILE:C:\Users\78432\Downloads\05-22-2026 North_America Rig_Count Report.xlsx,05-22-2026 North_America Rig_Count Report.xlsx,NAM Weekly,2026-05-25T21:16:27+00:00,"{""oil_scarcity_trigger"": false, ""gas_scarcity_trigger"": false, ""total_scarcity_trigger"": false}",-10
BAKER_HUGHES_RIG_COUNT_WEEKLY,US_RIG_COUNT,2024-02-02,RIG_COUNT,499,117,3,619,0,-2,0,-2,False,False,False,False,neutral_energy_supply_signal,low,No oil/gas/total rig category fell by 10 or more WoW.,RIG_COUNT,WEEKLY,GO,True,LOCAL_PROTO,LOCAL_FILE:C:\Users\78432\Downloads\05-22-2026 North_America Rig_Count Report.xlsx,05-22-2026 North_America Rig_Count Report.xlsx,NAM Weekly,2026-05-25T21:16:27+00:00,"{""oil_scarcity_trigger"": false, ""gas_scarcity_trigger"": false, ""total_scarcity_trigger"": false}",-10
BAKER_HUGHES_RIG_COUNT_WEEKLY,US_RIG_COUNT,2024-02-09,RIG_COUNT,499,121,3,623,0,4,0,4,False,False,False,False,neutral_energy_supply_signal,low,No oil/gas/total rig category fell by 10 or more WoW.,RIG_COUNT,WEEKLY,GO,True,LOCAL_PROTO,LOCAL_FILE:C:\Users\78432\Downloads\05-22-2026 North_America Rig_Count Report.xlsx,05-22-2026 North_America Rig_Count Report.xlsx,NAM Weekly,2026-05-25T21:16:27+00:00,"{""oil_scarcity_trigger"": false, ""gas_scarcity_trigger"": false, ""total_scarcity_trigger"": false}",-10
BAKER_HUGHES_RIG_COUNT_WEEKLY,US_RIG_COUNT,2024-02-16,RIG_COUNT,497,121,3,621,-2,0,0,-2,False,False,False,False,neutral_energy_supply_signal,low,No oil/gas/total rig category fell by 10 or more WoW.,RIG_COUNT,WEEKLY,GO,True,LOCAL_PROTO,LOCAL_FILE:C:\Users\78432\Downloads\05-22-2026 North_America Rig_Count Report.xlsx,05-22-2026 North_America Rig_Count Report.xlsx,NAM Weekly,2026-05-25T21:16:27+00:00,"{""oil_scarcity_trigger"": false, ""gas_scarcity_trigger"": false, ""total_scarcity_trigger"": false}",-10
BAKER_HUGHES_RIG_COUNT_WEEKLY,US_RIG_COUNT,2024-02-23,RIG_COUNT,503,120,3,626,6,-1,0,5,False,False,False,False,neutral_energy_supply_signal,low,No oil/gas/total rig category fell by 10 or more WoW.,RIG_COUNT,WEEKLY,GO,True,LOCAL_PROTO,LOCAL_FILE:C:\Users\78432\Downloads\05-22-2026 North_America Rig_Count Report.xlsx,05-22-2026 North_America Rig_Count Report.xlsx,NAM Weekly,2026-05-25T21:16:27+00:00,"{""oil_scarcity_trigger"": false, ""gas_scarcity_trigger"": false, ""total_scarcity_trigger"": false}",-10
BAKER_HUGHES_RIG_COUNT_WEEKLY,US_RIG_COUNT,2024-03-01,RIG_COUNT,506,119,4,629,3,-1,1,3,False,False,False,False,neutral_energy_supply_signal,low,No oil/gas/total rig category fell by 10 or more WoW.,RIG_COUNT,WEEKLY,GO,True,LOCAL_PROTO,LOCAL_FILE:C:\Users\78432\Downloads\05-22-2026 North_America Rig_Count Report.xlsx,05-22-2026 North_America Rig_Count Report.xlsx,NAM Weekly,2026-05-25T21:16:27+00:00,"{""oil_scarcity_trigger"": false, ""gas_scarcity_trigger"": false, ""total_scarcity_trigger"": false}",-10
BAKER_HUGHES_RIG_COUNT_WEEKLY,US_RIG_COUNT,2024-03-08,RIG_COUNT,504,115,3,622,-2,-4,-1,-7,False,False,False,False,neutral_energy_supply_signal,low,No oil/gas/total rig category fell by 10 or more WoW.,RIG_COUNT,WEEKLY,GO,True,LOCAL_PROTO,LOCAL_FILE:C:\Users\78432\Downloads\05-22-2026 North_America Rig_Count Report.xlsx,05-22-2026 North_America Rig_Count Report.xlsx,NAM Weekly,2026-05-25T21:16:27+00:00,"{""oil_scarcity_trigger"": false, ""gas_scarcity_trigger"": false, ""total_scarcity_trigger"": false}",-10
BAKER_HUGHES_RIG_COUNT_WEEKLY,US_RIG_COUNT,2024-03-15,RIG_COUNT,510,116,3,629,6,1,0,7,False,False,False,False,neutral_energy_supply_signal,low,No oil/gas/total rig category fell by 10 or more WoW.,RIG_COUNT,WEEKLY,GO,True,LOCAL_PROTO,LOCAL_FILE:C:\Users\78432\Downloads\05-22-2026 North_America Rig_Count Report.xlsx,05-22-2026 North_America Rig_Count Report.xlsx,NAM Weekly,2026-05-25T21:16:27+00:00,"{""oil_scarcity_trigger"": false, ""gas_scarcity_trigger"": false, ""total_scarcity_trigger"": false}",-10
BAKER_HUGHES_RIG_COUNT_WEEKLY,US_RIG_COUNT,2024-03-22,RIG_COUNT,509,112,3,624,-1,-4,0,-5,False,False,False,False,neutral_energy_supply_signal,low,No oil/gas/total rig category fell by 10 or more WoW.,RIG_COUNT,WEEKLY,GO,True,LOCAL_PROTO,LOCAL_FILE:C:\Users\78432\Downloads\05-22-2026 North_America Rig_Count Report.xlsx,05-22-2026 North_America Rig_Count Report.xlsx,NAM Weekly,2026-05-25T21:16:27+00:00,"{""oil_scarcity_trigger"": false, ""gas_scarcity_trigger"": false, ""total_scarcity_trigger"": false}",-10
BAKER_HUGHES_RIG_COUNT_WEEKLY,US_RIG_COUNT,2024-03-28,RIG_COUNT,506,112,3,621,-3,0,0,-3,False,False,False,False,neutral_energy_supply_signal,low,No oil/gas/total rig category fell by 10 or more WoW.,RIG_COUNT,WEEKLY,GO,True,LOCAL_PROTO,LOCAL_FILE:C:\Users\78432\Downloads\05-22-2026 North_America Rig_Count Report.xlsx,05-22-2026 North_America Rig_Count Report.xlsx,NAM Weekly,2026-05-25T21:16:27+00:00,"{""oil_scarcity_trigger"": false, ""gas_scarcity_trigger"": false, ""total_scarcity_trigger"": false}",-10
BAKER_HUGHES_RIG_COUNT_WEEKLY,US_RIG_COUNT,2024-04-05,RIG_COUNT,508,110,2,620,2,-2,-1,-1,False,False,False,False,neutral_energy_supply_signal,low,No oil/gas/total rig category fell by 10 or more WoW.,RIG_COUNT,WEEKLY,GO,True,LOCAL_PROTO,LOCAL_FILE:C:\Users\78432\Downloads\05-22-2026 North_America Rig_Count Report.xlsx,05-22-2026 North_America Rig_Count Report.xlsx,NAM Weekly,2026-05-25T21:16:27+00:00,"{""oil_scarcity_trigger"": false, ""gas_scarcity_trigger"": false, ""total_scarcity_trigger"": false}",-10
BAKER_HUGHES_RIG_COUNT_WEEKLY,US_RIG_COUNT,2024-04-12,RIG_COUNT,506,109,2,617,-2,-1,0,-3,False,False,False,False,neutral_energy_supply_signal,low,No oil/gas/total rig category fell by 10 or more WoW.,RIG_COUNT,WEEKLY,GO,True,LOCAL_PROTO,LOCAL_FILE:C:\Users\78432\Downloads\05-22-2026 North_America Rig_Count Report.xlsx,05-22-2026 North_America Rig_Count Report.xlsx,NAM Weekly,2026-05-25T21:16:27+00:00,"{""oil_scarcity_trigger"": false, ""gas_scarcity_trigger"": false, ""total_scarcity_trigger"": false}",-10
BAKER_HUGHES_RIG_COUNT_WEEKLY,US_RIG_COUNT,2024-04-19,RIG_COUNT,511,106,2,619,5,-3,0,2,False,False,False,False,neutral_energy_supply_signal,low,No oil/gas/total rig category fell by 10 or more WoW.,RIG_COUNT,WEEKLY,GO,True,LOCAL_PROTO,LOCAL_FILE:C:\Users\78432\Downloads\05-22-2026 North_America Rig_Count Report.xlsx,05-22-2026 North_America Rig_Count Report.xlsx,NAM Weekly,2026-05-25T21:16:27+00:00,"{""oil_scarcity_trigger"": false, ""gas_scarcity_trigger"": false, ""total_scarcity_trigger"": false}",-10
BAKER_HUGHES_RIG_COUNT_WEEKLY,US_RIG_COUNT,2024-04-26,RIG_COUNT,506,105,2,613,-5,-1,0,-6,False,False,False,False,neutral_energy_supply_signal,low,No oil/gas/total rig category fell by 10 or more WoW.,RIG_COUNT,WEEKLY,GO,True,LOCAL_PROTO,LOCAL_FILE:C:\Users\78432\Downloads\05-22-2026 North_America Rig_Count Report.xlsx,05-22-2026 North_America Rig_Count Report.xlsx,NAM Weekly,2026-05-25T21:16:27+00:00,"{""oil_scarcity_trigger"": false, ""gas_scarcity_trigger"": false, ""total_scarcity_trigger"": false}",-10
BAKER_HUGHES_RIG_COUNT_WEEKLY,US_RIG_COUNT,2024-05-03,RIG_COUNT,499,102,4,605,-7,-3,2,-8,False,False,False,False,neutral_energy_supply_signal,low,No oil/gas/total rig category fell by 10 or more WoW.,RIG_COUNT,WEEKLY,GO,True,LOCAL_PROTO,LOCAL_FILE:C:\Users\78432\Downloads\05-22-2026 North_America Rig_Count Report.xlsx,05-22-2026 North_America Rig_Count Report.xlsx,NAM Weekly,2026-05-25T21:16:27+00:00,"{""oil_scarcity_trigger"": false, ""gas_scarcity_trigger"": false, ""total_scarcity_trigger"": false}",-10
BAKER_HUGHES_RIG_COUNT_WEEKLY,US_RIG_COUNT,2024-05-10,RIG_COUNT,496,103,4,603,-3,1,0,-2,False,False,False,False,neutral_energy_supply_signal,low,No oil/gas/total rig category fell by 10 or more WoW.,RIG_COUNT,WEEKLY,GO,True,LOCAL_PROTO,LOCAL_FILE:C:\Users\78432\Downloads\05-22-2026 North_America Rig_Count Report.xlsx,05-22-2026 North_America Rig_Count Report.xlsx,NAM Weekly,2026-05-25T21:16:27+00:00,"{""oil_scarcity_trigger"": false, ""gas_scarcity_trigger"": false, ""total_scarcity_trigger"": false}",-10
BAKER_HUGHES_RIG_COUNT_WEEKLY,US_RIG_COUNT,2024-05-17,RIG_COUNT,497,103,4,604,1,0,0,1,False,False,False,False,neutral_energy_supply_signal,low,No oil/gas/total rig category fell by 10 or more WoW.,RIG_COUNT,WEEKLY,GO,True,LOCAL_PROTO,LOCAL_FILE:C:\Users\78432\Downloads\05-22-2026 North_America Rig_Count Report.xlsx,05-22-2026 North_America Rig_Count Report.xlsx,NAM Weekly,2026-05-25T21:16:27+00:00,"{""oil_scarcity_trigger"": false, ""gas_scarcity_trigger"": false, ""total_scarcity_trigger"": false}",-10
BAKER_HUGHES_RIG_COUNT_WEEKLY,US_RIG_COUNT,2024-05-24,RIG_COUNT,497,99,4,600,0,-4,0,-4,False,False,False,False,neutral_energy_supply_signal,low,No oil/gas/total rig category fell by 10 or more WoW.,RIG_COUNT,WEEKLY,GO,True,LOCAL_PROTO,LOCAL_FILE:C:\Users\78432\Downloads\05-22-2026 North_America Rig_Count Report.xlsx,05-22-2026 North_America Rig_Count Report.xlsx,NAM Weekly,2026-05-25T21:16:27+00:00,"{""oil_scarcity_trigger"": false, ""gas_scarcity_trigger"": false, ""total_scarcity_trigger"": false}",-10
BAKER_HUGHES_RIG_COUNT_WEEKLY,US_RIG_COUNT,2024-05-31,RIG_COUNT,496,100,4,600,-1,1,0,0,False,False,False,False,neutral_energy_supply_signal,low,No oil/gas/total rig category fell by 10 or more WoW.,RIG_COUNT,WEEKLY,GO,True,LOCAL_PROTO,LOCAL_FILE:C:\Users\78432\Downloads\05-22-2026 North_America Rig_Count Report.xlsx,05-22-2026 North_America Rig_Count Report.xlsx,NAM Weekly,2026-05-25T21:16:27+00:00,"{""oil_scarcity_trigger"": false, ""gas_scarcity_trigger"": false, ""total_scarcity_trigger"": false}",-10
BAKER_HUGHES_RIG_COUNT_WEEKLY,US_RIG_COUNT,2024-06-07,RIG_COUNT,492,98,4,594,-4,-2,0,-6,False,False,False,False,neutral_energy_supply_signal,low,No oil/gas/total rig category fell by 10 or more WoW.,RIG_COUNT,WEEKLY,GO,True,LOCAL_PROTO,LOCAL_FILE:C:\Users\78432\Downloads\05-22-2026 North_America Rig_Count Report.xlsx,05-22-2026 North_America Rig_Count Report.xlsx,NAM Weekly,2026-05-25T21:16:27+00:00,"{""oil_scarcity_trigger"": false, ""gas_scarcity_trigger"": false, ""total_scarcity_trigger"": false}",-10
BAKER_HUGHES_RIG_COUNT_WEEKLY,US_RIG_COUNT,2024-06-14,RIG_COUNT,488,98,4,590,-4,0,0,-4,False,False,False,False,neutral_energy_supply_signal,low,No oil/gas/total rig category fell by 10 or more WoW.,RIG_COUNT,WEEKLY,GO,True,LOCAL_PROTO,LOCAL_FILE:C:\Users\78432\Downloads\05-22-2026 North_America Rig_Count Report.xlsx,05-22-2026 North_America Rig_Count Report.xlsx,NAM Weekly,2026-05-25T21:16:27+00:00,"{""oil_scarcity_trigger"": false, ""gas_scarcity_trigger"": false, ""total_scarcity_trigger"": false}",-10
BAKER_HUGHES_RIG_COUNT_WEEKLY,US_RIG_COUNT,2024-06-21,RIG_COUNT,485,98,5,588,-3,0,1,-2,False,False,False,False,neutral_energy_supply_signal,low,No oil/gas/total rig category fell by 10 or more WoW.,RIG_COUNT,WEEKLY,GO,True,LOCAL_PROTO,LOCAL_FILE:C:\Users\78432\Downloads\05-22-2026 North_America Rig_Count Report.xlsx,05-22-2026 North_America Rig_Count Report.xlsx,NAM Weekly,2026-05-25T21:16:27+00:00,"{""oil_scarcity_trigger"": false, ""gas_scarcity_trigger"": false, ""total_scarcity_trigger"": false}",-10
BAKER_HUGHES_RIG_COUNT_WEEKLY,US_RIG_COUNT,2024-06-28,RIG_COUNT,479,97,5,581,-6,-1,0,-7,False,False,False,False,neutral_energy_supply_signal,low,No oil/gas/total rig category fell by 10 or more WoW.,RIG_COUNT,WEEKLY,GO,True,LOCAL_PROTO,LOCAL_FILE:C:\Users\78432\Downloads\05-22-2026 North_America Rig_Count Report.xlsx,05-22-2026 North_America Rig_Count Report.xlsx,NAM Weekly,2026-05-25T21:16:27+00:00,"{""oil_scarcity_trigger"": false, ""gas_scarcity_trigger"": false, ""total_scarcity_trigger"": false}",-10
BAKER_HUGHES_RIG_COUNT_WEEKLY,US_RIG_COUNT,2024-07-05,RIG_COUNT,479,101,5,585,0,4,0,4,False,False,False,False,neutral_energy_supply_signal,low,No oil/gas/total rig category fell by 10 or more WoW.,RIG_COUNT,WEEKLY,GO,True,LOCAL_PROTO,LOCAL_FILE:C:\Users\78432\Downloads\05-22-2026 North_America Rig_Count Report.xlsx,05-22-2026 North_America Rig_Count Report.xlsx,NAM Weekly,2026-05-25T21:16:27+00:00,"{""oil_scarcity_trigger"": false, ""gas_scarcity_trigger"": false, ""total_scarcity_trigger"": false}",-10
BAKER_HUGHES_RIG_COUNT_WEEKLY,US_RIG_COUNT,2024-07-12,RIG_COUNT,478,100,6,584,-1,-1,1,-1,False,False,False,False,neutral_energy_supply_signal,low,No oil/gas/total rig category fell by 10 or more WoW.,RIG_COUNT,WEEKLY,GO,True,LOCAL_PROTO,LOCAL_FILE:C:\Users\78432\Downloads\05-22-2026 North_America Rig_Count Report.xlsx,05-22-2026 North_America Rig_Count Report.xlsx,NAM Weekly,2026-05-25T21:16:27+00:00,"{""oil_scarcity_trigger"": false, ""gas_scarcity_trigger"": false, ""total_scarcity_trigger"": false}",-10
BAKER_HUGHES_RIG_COUNT_WEEKLY,US_RIG_COUNT,2024-07-19,RIG_COUNT,477,103,6,586,-1,3,0,2,False,False,False,False,neutral_energy_supply_signal,low,No oil/gas/total rig category fell by 10 or more WoW.,RIG_COUNT,WEEKLY,GO,True,LOCAL_PROTO,LOCAL_FILE:C:\Users\78432\Downloads\05-22-2026 North_America Rig_Count Report.xlsx,05-22-2026 North_America Rig_Count Report.xlsx,NAM Weekly,2026-05-25T21:16:27+00:00,"{""oil_scarcity_trigger"": false, ""gas_scarcity_trigger"": false, ""total_scarcity_trigger"": false}",-10
BAKER_HUGHES_RIG_COUNT_WEEKLY,US_RIG_COUNT,2024-07-26,RIG_COUNT,482,101,6,589,5,-2,0,3,False,False,False,False,neutral_energy_supply_signal,low,No oil/gas/total rig category fell by 10 or more WoW.,RIG_COUNT,WEEKLY,GO,True,LOCAL_PROTO,LOCAL_FILE:C:\Users\78432\Downloads\05-22-2026 North_America Rig_Count Report.xlsx,05-22-2026 North_America Rig_Count Report.xlsx,NAM Weekly,2026-05-25T21:16:27+00:00,"{""oil_scarcity_trigger"": false, ""gas_scarcity_trigger"": false, ""total_scarcity_trigger"": false}",-10
BAKER_HUGHES_RIG_COUNT_WEEKLY,US_RIG_COUNT,2024-08-02,RIG_COUNT,482,98,6,586,0,-3,0,-3,False,False,False,False,neutral_energy_supply_signal,low,No oil/gas/total rig category fell by 10 or more WoW.,RIG_COUNT,WEEKLY,GO,True,LOCAL_PROTO,LOCAL_FILE:C:\Users\78432\Downloads\05-22-2026 North_America Rig_Count Report.xlsx,05-22-2026 North_America Rig_Count Report.xlsx,NAM Weekly,2026-05-25T21:16:27+00:00,"{""oil_scarcity_trigger"": false, ""gas_scarcity_trigger"": false, ""total_scarcity_trigger"": false}",-10
BAKER_HUGHES_RIG_COUNT_WEEKLY,US_RIG_COUNT,2024-08-09,RIG_COUNT,485,97,6,588,3,-1,0,2,False,False,False,False,neutral_energy_supply_signal,low,No oil/gas/total rig category fell by 10 or more WoW.,RIG_COUNT,WEEKLY,GO,True,LOCAL_PROTO,LOCAL_FILE:C:\Users\78432\Downloads\05-22-2026 North_America Rig_Count Report.xlsx,05-22-2026 North_America Rig_Count Report.xlsx,NAM Weekly,2026-05-25T21:16:27+00:00,"{""oil_scarcity_trigger"": false, ""gas_scarcity_trigger"": false, ""total_scarcity_trigger"": false}",-10
BAKER_HUGHES_RIG_COUNT_WEEKLY,US_RIG_COUNT,2024-08-16,RIG_COUNT,483,98,5,586,-2,1,-1,-2,False,False,False,False,neutral_energy_supply_signal,low,No oil/gas/total rig category fell by 10 or more WoW.,RIG_COUNT,WEEKLY,GO,True,LOCAL_PROTO,LOCAL_FILE:C:\Users\78432\Downloads\05-22-2026 North_America Rig_Count Report.xlsx,05-22-2026 North_America Rig_Count Report.xlsx,NAM Weekly,2026-05-25T21:16:27+00:00,"{""oil_scarcity_trigger"": false, ""gas_scarcity_trigger"": false, ""total_scarcity_trigger"": false}",-10
BAKER_HUGHES_RIG_COUNT_WEEKLY,US_RIG_COUNT,2024-08-23,RIG_COUNT,483,97,5,585,0,-1,0,-1,False,False,False,False,neutral_energy_supply_signal,low,No oil/gas/total rig category fell by 10 or more WoW.,RIG_COUNT,WEEKLY,GO,True,LOCAL_PROTO,LOCAL_FILE:C:\Users\78432\Downloads\05-22-2026 North_America Rig_Count Report.xlsx,05-22-2026 North_America Rig_Count Report.xlsx,NAM Weekly,2026-05-25T21:16:27+00:00,"{""oil_scarcity_trigger"": false, ""gas_scarcity_trigger"": false, ""total_scarcity_trigger"": false}",-10
BAKER_HUGHES_RIG_COUNT_WEEKLY,US_RIG_COUNT,2024-08-30,RIG_COUNT,483,95,5,583,0,-2,0,-2,False,False,False,False,neutral_energy_supply_signal,low,No oil/gas/total rig category fell by 10 or more WoW.,RIG_COUNT,WEEKLY,GO,True,LOCAL_PROTO,LOCAL_FILE:C:\Users\78432\Downloads\05-22-2026 North_America Rig_Count Report.xlsx,05-22-2026 North_America Rig_Count Report.xlsx,NAM Weekly,2026-05-25T21:16:27+00:00,"{""oil_scarcity_trigger"": false, ""gas_scarcity_trigger"": false, ""total_scarcity_trigger"": false}",-10
BAKER_HUGHES_RIG_COUNT_WEEKLY,US_RIG_COUNT,2024-09-06,RIG_COUNT,483,94,5,582,0,-1,0,-1,False,False,False,False,neutral_energy_supply_signal,low,No oil/gas/total rig category fell by 10 or more WoW.,RIG_COUNT,WEEKLY,GO,True,LOCAL_PROTO,LOCAL_FILE:C:\Users\78432\Downloads\05-22-2026 North_America Rig_Count Report.xlsx,05-22-2026 North_America Rig_Count Report.xlsx,NAM Weekly,2026-05-25T21:16:27+00:00,"{""oil_scarcity_trigger"": false, ""gas_scarcity_trigger"": false, ""total_scarcity_trigger"": false}",-10
BAKER_HUGHES_RIG_COUNT_WEEKLY,US_RIG_COUNT,2024-09-13,RIG_COUNT,488,97,5,590,5,3,0,8,False,False,False,False,neutral_energy_supply_signal,low,No oil/gas/total rig category fell by 10 or more WoW.,RIG_COUNT,WEEKLY,GO,True,LOCAL_PROTO,LOCAL_FILE:C:\Users\78432\Downloads\05-22-2026 North_America Rig_Count Report.xlsx,05-22-2026 North_America Rig_Count Report.xlsx,NAM Weekly,2026-05-25T21:16:27+00:00,"{""oil_scarcity_trigger"": false, ""gas_scarcity_trigger"": false, ""total_scarcity_trigger"": false}",-10
BAKER_HUGHES_RIG_COUNT_WEEKLY,US_RIG_COUNT,2024-09-20,RIG_COUNT,488,96,4,588,0,-1,-1,-2,False,False,False,False,neutral_energy_supply_signal,low,No oil/gas/total rig category fell by 10 or more WoW.,RIG_COUNT,WEEKLY,GO,True,LOCAL_PROTO,LOCAL_FILE:C:\Users\78432\Downloads\05-22-2026 North_America Rig_Count Report.xlsx,05-22-2026 North_America Rig_Count Report.xlsx,NAM Weekly,2026-05-25T21:16:27+00:00,"{""oil_scarcity_trigger"": false, ""gas_scarcity_trigger"": false, ""total_scarcity_trigger"": false}",-10
BAKER_HUGHES_RIG_COUNT_WEEKLY,US_RIG_COUNT,2024-09-27,RIG_COUNT,484,99,4,587,-4,3,0,-1,False,False,False,False,neutral_energy_supply_signal,low,No oil/gas/total rig category fell by 10 or more WoW.,RIG_COUNT,WEEKLY,GO,True,LOCAL_PROTO,LOCAL_FILE:C:\Users\78432\Downloads\05-22-2026 North_America Rig_Count Report.xlsx,05-22-2026 North_America Rig_Count Report.xlsx,NAM Weekly,2026-05-25T21:16:27+00:00,"{""oil_scarcity_trigger"": false, ""gas_scarcity_trigger"": false, ""total_scarcity_trigger"": false}",-10
BAKER_HUGHES_RIG_COUNT_WEEKLY,US_RIG_COUNT,2024-10-04,RIG_COUNT,479,102,4,585,-5,3,0,-2,False,False,False,False,neutral_energy_supply_signal,low,No oil/gas/total rig category fell by 10 or more WoW.,RIG_COUNT,WEEKLY,GO,True,LOCAL_PROTO,LOCAL_FILE:C:\Users\78432\Downloads\05-22-2026 North_America Rig_Count Report.xlsx,05-22-2026 North_America Rig_Count Report.xlsx,NAM Weekly,2026-05-25T21:16:27+00:00,"{""oil_scarcity_trigger"": false, ""gas_scarcity_trigger"": false, ""total_scarcity_trigger"": false}",-10
BAKER_HUGHES_RIG_COUNT_WEEKLY,US_RIG_COUNT,2024-10-11,RIG_COUNT,481,101,4,586,2,-1,0,1,False,False,False,False,neutral_energy_supply_signal,low,No oil/gas/total rig category fell by 10 or more WoW.,RIG_COUNT,WEEKLY,GO,True,LOCAL_PROTO,LOCAL_FILE:C:\Users\78432\Downloads\05-22-2026 North_America Rig_Count Report.xlsx,05-22-2026 North_America Rig_Count Report.xlsx,NAM Weekly,2026-05-25T21:16:27+00:00,"{""oil_scarcity_trigger"": false, ""gas_scarcity_trigger"": false, ""total_scarcity_trigger"": false}",-10
BAKER_HUGHES_RIG_COUNT_WEEKLY,US_RIG_COUNT,2024-10-18,RIG_COUNT,482,99,4,585,1,-2,0,-1,False,False,False,False,neutral_energy_supply_signal,low,No oil/gas/total rig category fell by 10 or more WoW.,RIG_COUNT,WEEKLY,GO,True,LOCAL_PROTO,LOCAL_FILE:C:\Users\78432\Downloads\05-22-2026 North_America Rig_Count Report.xlsx,05-22-2026 North_America Rig_Count Report.xlsx,NAM Weekly,2026-05-25T21:16:27+00:00,"{""oil_scarcity_trigger"": false, ""gas_scarcity_trigger"": false, ""total_scarcity_trigger"": false}",-10
BAKER_HUGHES_RIG_COUNT_WEEKLY,US_RIG_COUNT,2024-10-25,RIG_COUNT,480,101,4,585,-2,2,0,0,False,False,False,False,neutral_energy_supply_signal,low,No oil/gas/total rig category fell by 10 or more WoW.,RIG_COUNT,WEEKLY,GO,True,LOCAL_PROTO,LOCAL_FILE:C:\Users\78432\Downloads\05-22-2026 North_America Rig_Count Report.xlsx,05-22-2026 North_America Rig_Count Report.xlsx,NAM Weekly,2026-05-25T21:16:27+00:00,"{""oil_scarcity_trigger"": false, ""gas_scarcity_trigger"": false, ""total_scarcity_trigger"": false}",-10
BAKER_HUGHES_RIG_COUNT_WEEKLY,US_RIG_COUNT,2024-11-01,RIG_COUNT,479,102,4,585,-1,1,0,0,False,False,False,False,neutral_energy_supply_signal,low,No oil/gas/total rig category fell by 10 or more WoW.,RIG_COUNT,WEEKLY,GO,True,LOCAL_PROTO,LOCAL_FILE:C:\Users\78432\Downloads\05-22-2026 North_America Rig_Count Report.xlsx,05-22-2026 North_America Rig_Count Report.xlsx,NAM Weekly,2026-05-25T21:16:27+00:00,"{""oil_scarcity_trigger"": false, ""gas_scarcity_trigger"": false, ""total_scarcity_trigger"": false}",-10
BAKER_HUGHES_RIG_COUNT_WEEKLY,US_RIG_COUNT,2024-11-08,RIG_COUNT,479,102,4,585,0,0,0,0,False,False,False,False,neutral_energy_supply_signal,low,No oil/gas/total rig category fell by 10 or more WoW.,RIG_COUNT,WEEKLY,GO,True,LOCAL_PROTO,LOCAL_FILE:C:\Users\78432\Downloads\05-22-2026 North_America Rig_Count Report.xlsx,05-22-2026 North_America Rig_Count Report.xlsx,NAM Weekly,2026-05-25T21:16:27+00:00,"{""oil_scarcity_trigger"": false, ""gas_scarcity_trigger"": false, ""total_scarcity_trigger"": false}",-10
BAKER_HUGHES_RIG_COUNT_WEEKLY,US_RIG_COUNT,2024-11-15,RIG_COUNT,478,101,5,584,-1,-1,1,-1,False,False,False,False,neutral_energy_supply_signal,low,No oil/gas/total rig category fell by 10 or more WoW.,RIG_COUNT,WEEKLY,GO,True,LOCAL_PROTO,LOCAL_FILE:C:\Users\78432\Downloads\05-22-2026 North_America Rig_Count Report.xlsx,05-22-2026 North_America Rig_Count Report.xlsx,NAM Weekly,2026-05-25T21:16:27+00:00,"{""oil_scarcity_trigger"": false, ""gas_scarcity_trigger"": false, ""total_scarcity_trigger"": false}",-10
BAKER_HUGHES_RIG_COUNT_WEEKLY,US_RIG_COUNT,2024-11-22,RIG_COUNT,479,99,5,583,1,-2,0,-1,False,False,False,False,neutral_energy_supply_signal,low,No oil/gas/total rig category fell by 10 or more WoW.,RIG_COUNT,WEEKLY,GO,True,LOCAL_PROTO,LOCAL_FILE:C:\Users\78432\Downloads\05-22-2026 North_America Rig_Count Report.xlsx,05-22-2026 North_America Rig_Count Report.xlsx,NAM Weekly,2026-05-25T21:16:27+00:00,"{""oil_scarcity_trigger"": false, ""gas_scarcity_trigger"": false, ""total_scarcity_trigger"": false}",-10
BAKER_HUGHES_RIG_COUNT_WEEKLY,US_RIG_COUNT,2024-11-27,RIG_COUNT,477,100,5,582,-2,1,0,-1,False,False,False,False,neutral_energy_supply_signal,low,No oil/gas/total rig category fell by 10 or more WoW.,RIG_COUNT,WEEKLY,GO,True,LOCAL_PROTO,LOCAL_FILE:C:\Users\78432\Downloads\05-22-2026 North_America Rig_Count Report.xlsx,05-22-2026 North_America Rig_Count Report.xlsx,NAM Weekly,2026-05-25T21:16:27+00:00,"{""oil_scarcity_trigger"": false, ""gas_scarcity_trigger"": false, ""total_scarcity_trigger"": false}",-10
BAKER_HUGHES_RIG_COUNT_WEEKLY,US_RIG_COUNT,2024-12-06,RIG_COUNT,482,102,5,589,5,2,0,7,False,False,False,False,neutral_energy_supply_signal,low,No oil/gas/total rig category fell by 10 or more WoW.,RIG_COUNT,WEEKLY,GO,True,LOCAL_PROTO,LOCAL_FILE:C:\Users\78432\Downloads\05-22-2026 North_America Rig_Count Report.xlsx,05-22-2026 North_America Rig_Count Report.xlsx,NAM Weekly,2026-05-25T21:16:27+00:00,"{""oil_scarcity_trigger"": false, ""gas_scarcity_trigger"": false, ""total_scarcity_trigger"": false}",-10
BAKER_HUGHES_RIG_COUNT_WEEKLY,US_RIG_COUNT,2024-12-13,RIG_COUNT,482,103,4,589,0,1,-1,0,False,False,False,False,neutral_energy_supply_signal,low,No oil/gas/total rig category fell by 10 or more WoW.,RIG_COUNT,WEEKLY,GO,True,LOCAL_PROTO,LOCAL_FILE:C:\Users\78432\Downloads\05-22-2026 North_America Rig_Count Report.xlsx,05-22-2026 North_America Rig_Count Report.xlsx,NAM Weekly,2026-05-25T21:16:27+00:00,"{""oil_scarcity_trigger"": false, ""gas_scarcity_trigger"": false, ""total_scarcity_trigger"": false}",-10
BAKER_HUGHES_RIG_COUNT_WEEKLY,US_RIG_COUNT,2024-12-20,RIG_COUNT,483,102,4,589,1,-1,0,0,False,False,False,False,neutral_energy_supply_signal,low,No oil/gas/total rig category fell by 10 or more WoW.,RIG_COUNT,WEEKLY,GO,True,LOCAL_PROTO,LOCAL_FILE:C:\Users\78432\Downloads\05-22-2026 North_America Rig_Count Report.xlsx,05-22-2026 North_America Rig_Count Report.xlsx,NAM Weekly,2026-05-25T21:16:27+00:00,"{""oil_scarcity_trigger"": false, ""gas_scarcity_trigger"": false, ""total_scarcity_trigger"": false}",-10
BAKER_HUGHES_RIG_COUNT_WEEKLY,US_RIG_COUNT,2024-12-27,RIG_COUNT,483,102,4,589,0,0,0,0,False,False,False,False,neutral_energy_supply_signal,low,No oil/gas/total rig category fell by 10 or more WoW.,RIG_COUNT,WEEKLY,GO,True,LOCAL_PROTO,LOCAL_FILE:C:\Users\78432\Downloads\05-22-2026 North_America Rig_Count Report.xlsx,05-22-2026 North_America Rig_Count Report.xlsx,NAM Weekly,2026-05-25T21:16:27+00:00,"{""oil_scarcity_trigger"": false, ""gas_scarcity_trigger"": false, ""total_scarcity_trigger"": false}",-10
BAKER_HUGHES_RIG_COUNT_WEEKLY,US_RIG_COUNT,2025-01-03,RIG_COUNT,482,103,4,589,-1,1,0,0,False,False,False,False,neutral_energy_supply_signal,low,No oil/gas/total rig category fell by 10 or more WoW.,RIG_COUNT,WEEKLY,GO,True,LOCAL_PROTO,LOCAL_FILE:C:\Users\78432\Downloads\05-22-2026 North_America Rig_Count Report.xlsx,05-22-2026 North_America Rig_Count Report.xlsx,NAM Weekly,2026-05-25T21:16:27+00:00,"{""oil_scarcity_trigger"": false, ""gas_scarcity_trigger"": false, ""total_scarcity_trigger"": false}",-10
BAKER_HUGHES_RIG_COUNT_WEEKLY,US_RIG_COUNT,2025-01-10,RIG_COUNT,480,100,4,584,-2,-3,0,-5,False,False,False,False,neutral_energy_supply_signal,low,No oil/gas/total rig category fell by 10 or more WoW.,RIG_COUNT,WEEKLY,GO,True,LOCAL_PROTO,LOCAL_FILE:C:\Users\78432\Downloads\05-22-2026 North_America Rig_Count Report.xlsx,05-22-2026 North_America Rig_Count Report.xlsx,NAM Weekly,2026-05-25T21:16:27+00:00,"{""oil_scarcity_trigger"": false, ""gas_scarcity_trigger"": false, ""total_scarcity_trigger"": false}",-10
BAKER_HUGHES_RIG_COUNT_WEEKLY,US_RIG_COUNT,2025-01-17,RIG_COUNT,478,98,4,580,-2,-2,0,-4,False,False,False,False,neutral_energy_supply_signal,low,No oil/gas/total rig category fell by 10 or more WoW.,RIG_COUNT,WEEKLY,GO,True,LOCAL_PROTO,LOCAL_FILE:C:\Users\78432\Downloads\05-22-2026 North_America Rig_Count Report.xlsx,05-22-2026 North_America Rig_Count Report.xlsx,NAM Weekly,2026-05-25T21:16:27+00:00,"{""oil_scarcity_trigger"": false, ""gas_scarcity_trigger"": false, ""total_scarcity_trigger"": false}",-10
BAKER_HUGHES_RIG_COUNT_WEEKLY,US_RIG_COUNT,2025-01-24,RIG_COUNT,472,99,5,576,-6,1,1,-4,False,False,False,False,neutral_energy_supply_signal,low,No oil/gas/total rig category fell by 10 or more WoW.,RIG_COUNT,WEEKLY,GO,True,LOCAL_PROTO,LOCAL_FILE:C:\Users\78432\Downloads\05-22-2026 North_America Rig_Count Report.xlsx,05-22-2026 North_America Rig_Count Report.xlsx,NAM Weekly,2026-05-25T21:16:27+00:00,"{""oil_scarcity_trigger"": false, ""gas_scarcity_trigger"": false, ""total_scarcity_trigger"": false}",-10
BAKER_HUGHES_RIG_COUNT_WEEKLY,US_RIG_COUNT,2025-01-31,RIG_COUNT,479,98,5,582,7,-1,0,6,False,False,False,False,neutral_energy_supply_signal,low,No oil/gas/total rig category fell by 10 or more WoW.,RIG_COUNT,WEEKLY,GO,True,LOCAL_PROTO,LOCAL_FILE:C:\Users\78432\Downloads\05-22-2026 North_America Rig_Count Report.xlsx,05-22-2026 North_America Rig_Count Report.xlsx,NAM Weekly,2026-05-25T21:16:27+00:00,"{""oil_scarcity_trigger"": false, ""gas_scarcity_trigger"": false, ""total_scarcity_trigger"": false}",-10
BAKER_HUGHES_RIG_COUNT_WEEKLY,US_RIG_COUNT,2025-02-07,RIG_COUNT,480,100,6,586,1,2,1,4,False,False,False,False,neutral_energy_supply_signal,low,No oil/gas/total rig category fell by 10 or more WoW.,RIG_COUNT,WEEKLY,GO,True,LOCAL_PROTO,LOCAL_FILE:C:\Users\78432\Downloads\05-22-2026 North_America Rig_Count Report.xlsx,05-22-2026 North_America Rig_Count Report.xlsx,NAM Weekly,2026-05-25T21:16:27+00:00,"{""oil_scarcity_trigger"": false, ""gas_scarcity_trigger"": false, ""total_scarcity_trigger"": false}",-10
BAKER_HUGHES_RIG_COUNT_WEEKLY,US_RIG_COUNT,2025-02-14,RIG_COUNT,481,101,6,588,1,1,0,2,False,False,False,False,neutral_energy_supply_signal,low,No oil/gas/total rig category fell by 10 or more WoW.,RIG_COUNT,WEEKLY,GO,True,LOCAL_PROTO,LOCAL_FILE:C:\Users\78432\Downloads\05-22-2026 North_America Rig_Count Report.xlsx,05-22-2026 North_America Rig_Count Report.xlsx,NAM Weekly,2026-05-25T21:16:27+00:00,"{""oil_scarcity_trigger"": false, ""gas_scarcity_trigger"": false, ""total_scarcity_trigger"": false}",-10
BAKER_HUGHES_RIG_COUNT_WEEKLY,US_RIG_COUNT,2025-02-21,RIG_COUNT,488,99,5,592,7,-2,-1,4,False,False,False,False,neutral_energy_supply_signal,low,No oil/gas/total rig category fell by 10 or more WoW.,RIG_COUNT,WEEKLY,GO,True,LOCAL_PROTO,LOCAL_FILE:C:\Users\78432\Downloads\05-22-2026 North_America Rig_Count Report.xlsx,05-22-2026 North_America Rig_Count Report.xlsx,NAM Weekly,2026-05-25T21:16:27+00:00,"{""oil_scarcity_trigger"": false, ""gas_scarcity_trigger"": false, ""total_scarcity_trigger"": false}",-10
BAKER_HUGHES_RIG_COUNT_WEEKLY,US_RIG_COUNT,2025-02-28,RIG_COUNT,486,102,5,593,-2,3,0,1,False,False,False,False,neutral_energy_supply_signal,low,No oil/gas/total rig category fell by 10 or more WoW.,RIG_COUNT,WEEKLY,GO,True,LOCAL_PROTO,LOCAL_FILE:C:\Users\78432\Downloads\05-22-2026 North_America Rig_Count Report.xlsx,05-22-2026 North_America Rig_Count Report.xlsx,NAM Weekly,2026-05-25T21:16:27+00:00,"{""oil_scarcity_trigger"": false, ""gas_scarcity_trigger"": false, ""total_scarcity_trigger"": false}",-10
BAKER_HUGHES_RIG_COUNT_WEEKLY,US_RIG_COUNT,2025-03-07,RIG_COUNT,486,101,5,592,0,-1,0,-1,False,False,False,False,neutral_energy_supply_signal,low,No oil/gas/total rig category fell by 10 or more WoW.,RIG_COUNT,WEEKLY,GO,True,LOCAL_PROTO,LOCAL_FILE:C:\Users\78432\Downloads\05-22-2026 North_America Rig_Count Report.xlsx,05-22-2026 North_America Rig_Count Report.xlsx,NAM Weekly,2026-05-25T21:16:27+00:00,"{""oil_scarcity_trigger"": false, ""gas_scarcity_trigger"": false, ""total_scarcity_trigger"": false}",-10
BAKER_HUGHES_RIG_COUNT_WEEKLY,US_RIG_COUNT,2025-03-14,RIG_COUNT,487,100,5,592,1,-1,0,0,False,False,False,False,neutral_energy_supply_signal,low,No oil/gas/total rig category fell by 10 or more WoW.,RIG_COUNT,WEEKLY,GO,True,LOCAL_PROTO,LOCAL_FILE:C:\Users\78432\Downloads\05-22-2026 North_America Rig_Count Report.xlsx,05-22-2026 North_America Rig_Count Report.xlsx,NAM Weekly,2026-05-25T21:16:27+00:00,"{""oil_scarcity_trigger"": false, ""gas_scarcity_trigger"": false, ""total_scarcity_trigger"": false}",-10
BAKER_HUGHES_RIG_COUNT_WEEKLY,US_RIG_COUNT,2025-03-21,RIG_COUNT,486,102,5,593,-1,2,0,1,False,False,False,False,neutral_energy_supply_signal,low,No oil/gas/total rig category fell by 10 or more WoW.,RIG_COUNT,WEEKLY,GO,True,LOCAL_PROTO,LOCAL_FILE:C:\Users\78432\Downloads\05-22-2026 North_America Rig_Count Report.xlsx,05-22-2026 North_America Rig_Count Report.xlsx,NAM Weekly,2026-05-25T21:16:27+00:00,"{""oil_scarcity_trigger"": false, ""gas_scarcity_trigger"": false, ""total_scarcity_trigger"": false}",-10
BAKER_HUGHES_RIG_COUNT_WEEKLY,US_RIG_COUNT,2025-03-28,RIG_COUNT,484,103,5,592,-2,1,0,-1,False,False,False,False,neutral_energy_supply_signal,low,No oil/gas/total rig category fell by 10 or more WoW.,RIG_COUNT,WEEKLY,GO,True,LOCAL_PROTO,LOCAL_FILE:C:\Users\78432\Downloads\05-22-2026 North_America Rig_Count Report.xlsx,05-22-2026 North_America Rig_Count Report.xlsx,NAM Weekly,2026-05-25T21:16:27+00:00,"{""oil_scarcity_trigger"": false, ""gas_scarcity_trigger"": false, ""total_scarcity_trigger"": false}",-10
BAKER_HUGHES_RIG_COUNT_WEEKLY,US_RIG_COUNT,2025-04-04,RIG_COUNT,481,104,5,590,-3,1,0,-2,False,False,False,False,neutral_energy_supply_signal,low,No oil/gas/total rig category fell by 10 or more WoW.,RIG_COUNT,WEEKLY,GO,True,LOCAL_PROTO,LOCAL_FILE:C:\Users\78432\Downloads\05-22-2026 North_America Rig_Count Report.xlsx,05-22-2026 North_America Rig_Count Report.xlsx,NAM Weekly,2026-05-25T21:16:27+00:00,"{""oil_scarcity_trigger"": false, ""gas_scarcity_trigger"": false, ""total_scarcity_trigger"": false}",-10
BAKER_HUGHES_RIG_COUNT_WEEKLY,US_RIG_COUNT,2025-04-11,RIG_COUNT,472,105,6,583,-9,1,1,-7,False,False,False,False,neutral_energy_supply_signal,low,No oil/gas/total rig category fell by 10 or more WoW.,RIG_COUNT,WEEKLY,GO,True,LOCAL_PROTO,LOCAL_FILE:C:\Users\78432\Downloads\05-22-2026 North_America Rig_Count Report.xlsx,05-22-2026 North_America Rig_Count Report.xlsx,NAM Weekly,2026-05-25T21:16:27+00:00,"{""oil_scarcity_trigger"": false, ""gas_scarcity_trigger"": false, ""total_scarcity_trigger"": false}",-10
BAKER_HUGHES_RIG_COUNT_WEEKLY,US_RIG_COUNT,2025-04-17,RIG_COUNT,473,106,6,585,1,1,0,2,False,False,False,False,neutral_energy_supply_signal,low,No oil/gas/total rig category fell by 10 or more WoW.,RIG_COUNT,WEEKLY,GO,True,LOCAL_PROTO,LOCAL_FILE:C:\Users\78432\Downloads\05-22-2026 North_America Rig_Count Report.xlsx,05-22-2026 North_America Rig_Count Report.xlsx,NAM Weekly,2026-05-25T21:16:27+00:00,"{""oil_scarcity_trigger"": false, ""gas_scarcity_trigger"": false, ""total_scarcity_trigger"": false}",-10
BAKER_HUGHES_RIG_COUNT_WEEKLY,US_RIG_COUNT,2025-04-25,RIG_COUNT,475,107,5,587,2,1,-1,2,False,False,False,False,neutral_energy_supply_signal,low,No oil/gas/total rig category fell by 10 or more WoW.,RIG_COUNT,WEEKLY,GO,True,LOCAL_PROTO,LOCAL_FILE:C:\Users\78432\Downloads\05-22-2026 North_America Rig_Count Report.xlsx,05-22-2026 North_America Rig_Count Report.xlsx,NAM Weekly,2026-05-25T21:16:27+00:00,"{""oil_scarcity_trigger"": false, ""gas_scarcity_trigger"": false, ""total_scarcity_trigger"": false}",-10
BAKER_HUGHES_RIG_COUNT_WEEKLY,US_RIG_COUNT,2025-05-02,RIG_COUNT,472,108,4,584,-3,1,-1,-3,False,False,False,False,neutral_energy_supply_signal,low,No oil/gas/total rig category fell by 10 or more WoW.,RIG_COUNT,WEEKLY,GO,True,LOCAL_PROTO,LOCAL_FILE:C:\Users\78432\Downloads\05-22-2026 North_America Rig_Count Report.xlsx,05-22-2026 North_America Rig_Count Report.xlsx,NAM Weekly,2026-05-25T21:16:27+00:00,"{""oil_scarcity_trigger"": false, ""gas_scarcity_trigger"": false, ""total_scarcity_trigger"": false}",-10
BAKER_HUGHES_RIG_COUNT_WEEKLY,US_RIG_COUNT,2025-05-09,RIG_COUNT,467,108,3,578,-5,0,-1,-6,False,False,False,False,neutral_energy_supply_signal,low,No oil/gas/total rig category fell by 10 or more WoW.,RIG_COUNT,WEEKLY,GO,True,LOCAL_PROTO,LOCAL_FILE:C:\Users\78432\Downloads\05-22-2026 North_America Rig_Count Report.xlsx,05-22-2026 North_America Rig_Count Report.xlsx,NAM Weekly,2026-05-25T21:16:27+00:00,"{""oil_scarcity_trigger"": false, ""gas_scarcity_trigger"": false, ""total_scarcity_trigger"": false}",-10
BAKER_HUGHES_RIG_COUNT_WEEKLY,US_RIG_COUNT,2025-05-16,RIG_COUNT,465,108,3,576,-2,0,0,-2,False,False,False,False,neutral_energy_supply_signal,low,No oil/gas/total rig category fell by 10 or more WoW.,RIG_COUNT,WEEKLY,GO,True,LOCAL_PROTO,LOCAL_FILE:C:\Users\78432\Downloads\05-22-2026 North_America Rig_Count Report.xlsx,05-22-2026 North_America Rig_Count Report.xlsx,NAM Weekly,2026-05-25T21:16:27+00:00,"{""oil_scarcity_trigger"": false, ""gas_scarcity_trigger"": false, ""total_scarcity_trigger"": false}",-10
BAKER_HUGHES_RIG_COUNT_WEEKLY,US_RIG_COUNT,2025-05-23,RIG_COUNT,455,108,3,566,-10,0,0,-10,True,True,False,True,bullish_energy_supply_risk,medium,Oil rigs fell by 10 WoW. Total rigs fell by 10 WoW.,RIG_COUNT,WEEKLY,GO,True,LOCAL_PROTO,LOCAL_FILE:C:\Users\78432\Downloads\05-22-2026 North_America Rig_Count Report.xlsx,05-22-2026 North_America Rig_Count Report.xlsx,NAM Weekly,2026-05-25T21:16:27+00:00,"{""oil_scarcity_trigger"": true, ""gas_scarcity_trigger"": false, ""total_scarcity_trigger"": true}",-10
BAKER_HUGHES_RIG_COUNT_WEEKLY,US_RIG_COUNT,2025-05-30,RIG_COUNT,451,109,3,563,-4,1,0,-3,False,False,False,False,neutral_energy_supply_signal,low,No oil/gas/total rig category fell by 10 or more WoW.,RIG_COUNT,WEEKLY,GO,True,LOCAL_PROTO,LOCAL_FILE:C:\Users\78432\Downloads\05-22-2026 North_America Rig_Count Report.xlsx,05-22-2026 North_America Rig_Count Report.xlsx,NAM Weekly,2026-05-25T21:16:27+00:00,"{""oil_scarcity_trigger"": false, ""gas_scarcity_trigger"": false, ""total_scarcity_trigger"": false}",-10
BAKER_HUGHES_RIG_COUNT_WEEKLY,US_RIG_COUNT,2025-06-06,RIG_COUNT,442,114,3,559,-9,5,0,-4,False,False,False,False,neutral_energy_supply_signal,low,No oil/gas/total rig category fell by 10 or more WoW.,RIG_COUNT,WEEKLY,GO,True,LOCAL_PROTO,LOCAL_FILE:C:\Users\78432\Downloads\05-22-2026 North_America Rig_Count Report.xlsx,05-22-2026 North_America Rig_Count Report.xlsx,NAM Weekly,2026-05-25T21:16:27+00:00,"{""oil_scarcity_trigger"": false, ""gas_scarcity_trigger"": false, ""total_scarcity_trigger"": false}",-10
BAKER_HUGHES_RIG_COUNT_WEEKLY,US_RIG_COUNT,2025-06-13,RIG_COUNT,439,113,3,555,-3,-1,0,-4,False,False,False,False,neutral_energy_supply_signal,low,No oil/gas/total rig category fell by 10 or more WoW.,RIG_COUNT,WEEKLY,GO,True,LOCAL_PROTO,LOCAL_FILE:C:\Users\78432\Downloads\05-22-2026 North_America Rig_Count Report.xlsx,05-22-2026 North_America Rig_Count Report.xlsx,NAM Weekly,2026-05-25T21:16:27+00:00,"{""oil_scarcity_trigger"": false, ""gas_scarcity_trigger"": false, ""total_scarcity_trigger"": false}",-10
BAKER_HUGHES_RIG_COUNT_WEEKLY,US_RIG_COUNT,2025-06-20,RIG_COUNT,438,111,5,554,-1,-2,2,-1,False,False,False,False,neutral_energy_supply_signal,low,No oil/gas/total rig category fell by 10 or more WoW.,RIG_COUNT,WEEKLY,GO,True,LOCAL_PROTO,LOCAL_FILE:C:\Users\78432\Downloads\05-22-2026 North_America Rig_Count Report.xlsx,05-22-2026 North_America Rig_Count Report.xlsx,NAM Weekly,2026-05-25T21:16:27+00:00,"{""oil_scarcity_trigger"": false, ""gas_scarcity_trigger"": false, ""total_scarcity_trigger"": false}",-10
BAKER_HUGHES_RIG_COUNT_WEEKLY,US_RIG_COUNT,2025-06-27,RIG_COUNT,432,109,6,547,-6,-2,1,-7,False,False,False,False,neutral_energy_supply_signal,low,No oil/gas/total rig category fell by 10 or more WoW.,RIG_COUNT,WEEKLY,GO,True,LOCAL_PROTO,LOCAL_FILE:C:\Users\78432\Downloads\05-22-2026 North_America Rig_Count Report.xlsx,05-22-2026 North_America Rig_Count Report.xlsx,NAM Weekly,2026-05-25T21:16:27+00:00,"{""oil_scarcity_trigger"": false, ""gas_scarcity_trigger"": false, ""total_scarcity_trigger"": false}",-10
BAKER_HUGHES_RIG_COUNT_WEEKLY,US_RIG_COUNT,2025-07-03,RIG_COUNT,425,108,6,539,-7,-1,0,-8,False,False,False,False,neutral_energy_supply_signal,low,No oil/gas/total rig category fell by 10 or more WoW.,RIG_COUNT,WEEKLY,GO,True,LOCAL_PROTO,LOCAL_FILE:C:\Users\78432\Downloads\05-22-2026 North_America Rig_Count Report.xlsx,05-22-2026 North_America Rig_Count Report.xlsx,NAM Weekly,2026-05-25T21:16:27+00:00,"{""oil_scarcity_trigger"": false, ""gas_scarcity_trigger"": false, ""total_scarcity_trigger"": false}",-10
BAKER_HUGHES_RIG_COUNT_WEEKLY,US_RIG_COUNT,2025-07-11,RIG_COUNT,424,108,5,537,-1,0,-1,-2,False,False,False,False,neutral_energy_supply_signal,low,No oil/gas/total rig category fell by 10 or more WoW.,RIG_COUNT,WEEKLY,GO,True,LOCAL_PROTO,LOCAL_FILE:C:\Users\78432\Downloads\05-22-2026 North_America Rig_Count Report.xlsx,05-22-2026 North_America Rig_Count Report.xlsx,NAM Weekly,2026-05-25T21:16:27+00:00,"{""oil_scarcity_trigger"": false, ""gas_scarcity_trigger"": false, ""total_scarcity_trigger"": false}",-10
BAKER_HUGHES_RIG_COUNT_WEEKLY,US_RIG_COUNT,2025-07-18,RIG_COUNT,422,117,5,544,-2,9,0,7,False,False,False,False,neutral_energy_supply_signal,low,No oil/gas/total rig category fell by 10 or more WoW.,RIG_COUNT,WEEKLY,GO,True,LOCAL_PROTO,LOCAL_FILE:C:\Users\78432\Downloads\05-22-2026 North_America Rig_Count Report.xlsx,05-22-2026 North_America Rig_Count Report.xlsx,NAM Weekly,2026-05-25T21:16:27+00:00,"{""oil_scarcity_trigger"": false, ""gas_scarcity_trigger"": false, ""total_scarcity_trigger"": false}",-10
BAKER_HUGHES_RIG_COUNT_WEEKLY,US_RIG_COUNT,2025-07-25,RIG_COUNT,415,122,5,542,-7,5,0,-2,False,False,False,False,neutral_energy_supply_signal,low,No oil/gas/total rig category fell by 10 or more WoW.,RIG_COUNT,WEEKLY,GO,True,LOCAL_PROTO,LOCAL_FILE:C:\Users\78432\Downloads\05-22-2026 North_America Rig_Count Report.xlsx,05-22-2026 North_America Rig_Count Report.xlsx,NAM Weekly,2026-05-25T21:16:27+00:00,"{""oil_scarcity_trigger"": false, ""gas_scarcity_trigger"": false, ""total_scarcity_trigger"": false}",-10
BAKER_HUGHES_RIG_COUNT_WEEKLY,US_RIG_COUNT,2025-08-01,RIG_COUNT,410,124,6,540,-5,2,1,-2,False,False,False,False,neutral_energy_supply_signal,low,No oil/gas/total rig category fell by 10 or more WoW.,RIG_COUNT,WEEKLY,GO,True,LOCAL_PROTO,LOCAL_FILE:C:\Users\78432\Downloads\05-22-2026 North_America Rig_Count Report.xlsx,05-22-2026 North_America Rig_Count Report.xlsx,NAM Weekly,2026-05-25T21:16:27+00:00,"{""oil_scarcity_trigger"": false, ""gas_scarcity_trigger"": false, ""total_scarcity_trigger"": false}",-10
BAKER_HUGHES_RIG_COUNT_WEEKLY,US_RIG_COUNT,2025-08-08,RIG_COUNT,411,123,5,539,1,-1,-1,-1,False,False,False,False,neutral_energy_supply_signal,low,No oil/gas/total rig category fell by 10 or more WoW.,RIG_COUNT,WEEKLY,GO,True,LOCAL_PROTO,LOCAL_FILE:C:\Users\78432\Downloads\05-22-2026 North_America Rig_Count Report.xlsx,05-22-2026 North_America Rig_Count Report.xlsx,NAM Weekly,2026-05-25T21:16:27+00:00,"{""oil_scarcity_trigger"": false, ""gas_scarcity_trigger"": false, ""total_scarcity_trigger"": false}",-10
BAKER_HUGHES_RIG_COUNT_WEEKLY,US_RIG_COUNT,2025-08-15,RIG_COUNT,412,122,5,539,1,-1,0,0,False,False,False,False,neutral_energy_supply_signal,low,No oil/gas/total rig category fell by 10 or more WoW.,RIG_COUNT,WEEKLY,GO,True,LOCAL_PROTO,LOCAL_FILE:C:\Users\78432\Downloads\05-22-2026 North_America Rig_Count Report.xlsx,05-22-2026 North_America Rig_Count Report.xlsx,NAM Weekly,2026-05-25T21:16:27+00:00,"{""oil_scarcity_trigger"": false, ""gas_scarcity_trigger"": false, ""total_scarcity_trigger"": false}",-10
BAKER_HUGHES_RIG_COUNT_WEEKLY,US_RIG_COUNT,2025-08-22,RIG_COUNT,411,122,5,538,-1,0,0,-1,False,False,False,False,neutral_energy_supply_signal,low,No oil/gas/total rig category fell by 10 or more WoW.,RIG_COUNT,WEEKLY,GO,True,LOCAL_PROTO,LOCAL_FILE:C:\Users\78432\Downloads\05-22-2026 North_America Rig_Count Report.xlsx,05-22-2026 North_America Rig_Count Report.xlsx,NAM Weekly,2026-05-25T21:16:27+00:00,"{""oil_scarcity_trigger"": false, ""gas_scarcity_trigger"": false, ""total_scarcity_trigger"": false}",-10
BAKER_HUGHES_RIG_COUNT_WEEKLY,US_RIG_COUNT,2025-08-29,RIG_COUNT,412,119,5,536,1,-3,0,-2,False,False,False,False,neutral_energy_supply_signal,low,No oil/gas/total rig category fell by 10 or more WoW.,RIG_COUNT,WEEKLY,GO,True,LOCAL_PROTO,LOCAL_FILE:C:\Users\78432\Downloads\05-22-2026 North_America Rig_Count Report.xlsx,05-22-2026 North_America Rig_Count Report.xlsx,NAM Weekly,2026-05-25T21:16:27+00:00,"{""oil_scarcity_trigger"": false, ""gas_scarcity_trigger"": false, ""total_scarcity_trigger"": false}",-10
BAKER_HUGHES_RIG_COUNT_WEEKLY,US_RIG_COUNT,2025-09-05,RIG_COUNT,414,118,5,537,2,-1,0,1,False,False,False,False,neutral_energy_supply_signal,low,No oil/gas/total rig category fell by 10 or more WoW.,RIG_COUNT,WEEKLY,GO,True,LOCAL_PROTO,LOCAL_FILE:C:\Users\78432\Downloads\05-22-2026 North_America Rig_Count Report.xlsx,05-22-2026 North_America Rig_Count Report.xlsx,NAM Weekly,2026-05-25T21:16:27+00:00,"{""oil_scarcity_trigger"": false, ""gas_scarcity_trigger"": false, ""total_scarcity_trigger"": false}",-10
BAKER_HUGHES_RIG_COUNT_WEEKLY,US_RIG_COUNT,2025-09-12,RIG_COUNT,416,118,5,539,2,0,0,2,False,False,False,False,neutral_energy_supply_signal,low,No oil/gas/total rig category fell by 10 or more WoW.,RIG_COUNT,WEEKLY,GO,True,LOCAL_PROTO,LOCAL_FILE:C:\Users\78432\Downloads\05-22-2026 North_America Rig_Count Report.xlsx,05-22-2026 North_America Rig_Count Report.xlsx,NAM Weekly,2026-05-25T21:16:27+00:00,"{""oil_scarcity_trigger"": false, ""gas_scarcity_trigger"": false, ""total_scarcity_trigger"": false}",-10
BAKER_HUGHES_RIG_COUNT_WEEKLY,US_RIG_COUNT,2025-09-19,RIG_COUNT,418,118,6,542,2,0,1,3,False,False,False,False,neutral_energy_supply_signal,low,No oil/gas/total rig category fell by 10 or more WoW.,RIG_COUNT,WEEKLY,GO,True,LOCAL_PROTO,LOCAL_FILE:C:\Users\78432\Downloads\05-22-2026 North_America Rig_Count Report.xlsx,05-22-2026 North_America Rig_Count Report.xlsx,NAM Weekly,2026-05-25T21:16:27+00:00,"{""oil_scarcity_trigger"": false, ""gas_scarcity_trigger"": false, ""total_scarcity_trigger"": false}",-10
BAKER_HUGHES_RIG_COUNT_WEEKLY,US_RIG_COUNT,2025-09-26,RIG_COUNT,424,117,8,549,6,-1,2,7,False,False,False,False,neutral_energy_supply_signal,low,No oil/gas/total rig category fell by 10 or more WoW.,RIG_COUNT,WEEKLY,GO,True,LOCAL_PROTO,LOCAL_FILE:C:\Users\78432\Downloads\05-22-2026 North_America Rig_Count Report.xlsx,05-22-2026 North_America Rig_Count Report.xlsx,NAM Weekly,2026-05-25T21:16:27+00:00,"{""oil_scarcity_trigger"": false, ""gas_scarcity_trigger"": false, ""total_scarcity_trigger"": false}",-10
BAKER_HUGHES_RIG_COUNT_WEEKLY,US_RIG_COUNT,2025-10-03,RIG_COUNT,422,118,9,549,-2,1,1,0,False,False,False,False,neutral_energy_supply_signal,low,No oil/gas/total rig category fell by 10 or more WoW.,RIG_COUNT,WEEKLY,GO,True,LOCAL_PROTO,LOCAL_FILE:C:\Users\78432\Downloads\05-22-2026 North_America Rig_Count Report.xlsx,05-22-2026 North_America Rig_Count Report.xlsx,NAM Weekly,2026-05-25T21:16:27+00:00,"{""oil_scarcity_trigger"": false, ""gas_scarcity_trigger"": false, ""total_scarcity_trigger"": false}",-10
BAKER_HUGHES_RIG_COUNT_WEEKLY,US_RIG_COUNT,2025-10-10,RIG_COUNT,418,120,9,547,-4,2,0,-2,False,False,False,False,neutral_energy_supply_signal,low,No oil/gas/total rig category fell by 10 or more WoW.,RIG_COUNT,WEEKLY,GO,True,LOCAL_PROTO,LOCAL_FILE:C:\Users\78432\Downloads\05-22-2026 North_America Rig_Count Report.xlsx,05-22-2026 North_America Rig_Count Report.xlsx,NAM Weekly,2026-05-25T21:16:27+00:00,"{""oil_scarcity_trigger"": false, ""gas_scarcity_trigger"": false, ""total_scarcity_trigger"": false}",-10
BAKER_HUGHES_RIG_COUNT_WEEKLY,US_RIG_COUNT,2025-10-17,RIG_COUNT,418,121,9,548,0,1,0,1,False,False,False,False,neutral_energy_supply_signal,low,No oil/gas/total rig category fell by 10 or more WoW.,RIG_COUNT,WEEKLY,GO,True,LOCAL_PROTO,LOCAL_FILE:C:\Users\78432\Downloads\05-22-2026 North_America Rig_Count Report.xlsx,05-22-2026 North_America Rig_Count Report.xlsx,NAM Weekly,2026-05-25T21:16:27+00:00,"{""oil_scarcity_trigger"": false, ""gas_scarcity_trigger"": false, ""total_scarcity_trigger"": false}",-10
BAKER_HUGHES_RIG_COUNT_WEEKLY,US_RIG_COUNT,2025-10-24,RIG_COUNT,420,121,9,550,2,0,0,2,False,False,False,False,neutral_energy_supply_signal,low,No oil/gas/total rig category fell by 10 or more WoW.,RIG_COUNT,WEEKLY,GO,True,LOCAL_PROTO,LOCAL_FILE:C:\Users\78432\Downloads\05-22-2026 North_America Rig_Count Report.xlsx,05-22-2026 North_America Rig_Count Report.xlsx,NAM Weekly,2026-05-25T21:16:27+00:00,"{""oil_scarcity_trigger"": false, ""gas_scarcity_trigger"": false, ""total_scarcity_trigger"": false}",-10
BAKER_HUGHES_RIG_COUNT_WEEKLY,US_RIG_COUNT,2025-10-31,RIG_COUNT,414,125,7,546,-6,4,-2,-4,False,False,False,False,neutral_energy_supply_signal,low,No oil/gas/total rig category fell by 10 or more WoW.,RIG_COUNT,WEEKLY,GO,True,LOCAL_PROTO,LOCAL_FILE:C:\Users\78432\Downloads\05-22-2026 North_America Rig_Count Report.xlsx,05-22-2026 North_America Rig_Count Report.xlsx,NAM Weekly,2026-05-25T21:16:27+00:00,"{""oil_scarcity_trigger"": false, ""gas_scarcity_trigger"": false, ""total_scarcity_trigger"": false}",-10
BAKER_HUGHES_RIG_COUNT_WEEKLY,US_RIG_COUNT,2025-11-06,RIG_COUNT,414,128,6,548,0,3,-1,2,False,False,False,False,neutral_energy_supply_signal,low,No oil/gas/total rig category fell by 10 or more WoW.,RIG_COUNT,WEEKLY,GO,True,LOCAL_PROTO,LOCAL_FILE:C:\Users\78432\Downloads\05-22-2026 North_America Rig_Count Report.xlsx,05-22-2026 North_America Rig_Count Report.xlsx,NAM Weekly,2026-05-25T21:16:27+00:00,"{""oil_scarcity_trigger"": false, ""gas_scarcity_trigger"": false, ""total_scarcity_trigger"": false}",-10
BAKER_HUGHES_RIG_COUNT_WEEKLY,US_RIG_COUNT,2025-11-14,RIG_COUNT,417,125,7,549,3,-3,1,1,False,False,False,False,neutral_energy_supply_signal,low,No oil/gas/total rig category fell by 10 or more WoW.,RIG_COUNT,WEEKLY,GO,True,LOCAL_PROTO,LOCAL_FILE:C:\Users\78432\Downloads\05-22-2026 North_America Rig_Count Report.xlsx,05-22-2026 North_America Rig_Count Report.xlsx,NAM Weekly,2026-05-25T21:16:27+00:00,"{""oil_scarcity_trigger"": false, ""gas_scarcity_trigger"": false, ""total_scarcity_trigger"": false}",-10
BAKER_HUGHES_RIG_COUNT_WEEKLY,US_RIG_COUNT,2025-11-21,RIG_COUNT,419,127,8,554,2,2,1,5,False,False,False,False,neutral_energy_supply_signal,low,No oil/gas/total rig category fell by 10 or more WoW.,RIG_COUNT,WEEKLY,GO,True,LOCAL_PROTO,LOCAL_FILE:C:\Users\78432\Downloads\05-22-2026 North_America Rig_Count Report.xlsx,05-22-2026 North_America Rig_Count Report.xlsx,NAM Weekly,2026-05-25T21:16:27+00:00,"{""oil_scarcity_trigger"": false, ""gas_scarcity_trigger"": false, ""total_scarcity_trigger"": false}",-10
BAKER_HUGHES_RIG_COUNT_WEEKLY,US_RIG_COUNT,2025-11-26,RIG_COUNT,407,130,7,544,-12,3,-1,-10,True,True,False,True,bullish_energy_supply_risk,medium,Oil rigs fell by 12 WoW. Total rigs fell by 10 WoW.,RIG_COUNT,WEEKLY,GO,True,LOCAL_PROTO,LOCAL_FILE:C:\Users\78432\Downloads\05-22-2026 North_America Rig_Count Report.xlsx,05-22-2026 North_America Rig_Count Report.xlsx,NAM Weekly,2026-05-25T21:16:27+00:00,"{""oil_scarcity_trigger"": true, ""gas_scarcity_trigger"": false, ""total_scarcity_trigger"": true}",-10
BAKER_HUGHES_RIG_COUNT_WEEKLY,US_RIG_COUNT,2025-12-04,RIG_COUNT,413,129,7,549,6,-1,0,5,False,False,False,False,neutral_energy_supply_signal,low,No oil/gas/total rig category fell by 10 or more WoW.,RIG_COUNT,WEEKLY,GO,True,LOCAL_PROTO,LOCAL_FILE:C:\Users\78432\Downloads\05-22-2026 North_America Rig_Count Report.xlsx,05-22-2026 North_America Rig_Count Report.xlsx,NAM Weekly,2026-05-25T21:16:27+00:00,"{""oil_scarcity_trigger"": false, ""gas_scarcity_trigger"": false, ""total_scarcity_trigger"": false}",-10
BAKER_HUGHES_RIG_COUNT_WEEKLY,US_RIG_COUNT,2025-12-12,RIG_COUNT,414,127,7,548,1,-2,0,-1,False,False,False,False,neutral_energy_supply_signal,low,No oil/gas/total rig category fell by 10 or more WoW.,RIG_COUNT,WEEKLY,GO,True,LOCAL_PROTO,LOCAL_FILE:C:\Users\78432\Downloads\05-22-2026 North_America Rig_Count Report.xlsx,05-22-2026 North_America Rig_Count Report.xlsx,NAM Weekly,2026-05-25T21:16:27+00:00,"{""oil_scarcity_trigger"": false, ""gas_scarcity_trigger"": false, ""total_scarcity_trigger"": false}",-10
BAKER_HUGHES_RIG_COUNT_WEEKLY,US_RIG_COUNT,2025-12-19,RIG_COUNT,406,127,9,542,-8,0,2,-6,False,False,False,False,neutral_energy_supply_signal,low,No oil/gas/total rig category fell by 10 or more WoW.,RIG_COUNT,WEEKLY,GO,True,LOCAL_PROTO,LOCAL_FILE:C:\Users\78432\Downloads\05-22-2026 North_America Rig_Count Report.xlsx,05-22-2026 North_America Rig_Count Report.xlsx,NAM Weekly,2026-05-25T21:16:27+00:00,"{""oil_scarcity_trigger"": false, ""gas_scarcity_trigger"": false, ""total_scarcity_trigger"": false}",-10
BAKER_HUGHES_RIG_COUNT_WEEKLY,US_RIG_COUNT,2025-12-24,RIG_COUNT,409,127,9,545,3,0,0,3,False,False,False,False,neutral_energy_supply_signal,low,No oil/gas/total rig category fell by 10 or more WoW.,RIG_COUNT,WEEKLY,GO,True,LOCAL_PROTO,LOCAL_FILE:C:\Users\78432\Downloads\05-22-2026 North_America Rig_Count Report.xlsx,05-22-2026 North_America Rig_Count Report.xlsx,NAM Weekly,2026-05-25T21:16:27+00:00,"{""oil_scarcity_trigger"": false, ""gas_scarcity_trigger"": false, ""total_scarcity_trigger"": false}",-10
BAKER_HUGHES_RIG_COUNT_WEEKLY,US_RIG_COUNT,2025-12-30,RIG_COUNT,412,125,9,546,3,-2,0,1,False,False,False,False,neutral_energy_supply_signal,low,No oil/gas/total rig category fell by 10 or more WoW.,RIG_COUNT,WEEKLY,GO,True,LOCAL_PROTO,LOCAL_FILE:C:\Users\78432\Downloads\05-22-2026 North_America Rig_Count Report.xlsx,05-22-2026 North_America Rig_Count Report.xlsx,NAM Weekly,2026-05-25T21:16:27+00:00,"{""oil_scarcity_trigger"": false, ""gas_scarcity_trigger"": false, ""total_scarcity_trigger"": false}",-10
BAKER_HUGHES_RIG_COUNT_WEEKLY,US_RIG_COUNT,2026-01-09,RIG_COUNT,409,124,11,544,-3,-1,2,-2,False,False,False,False,neutral_energy_supply_signal,low,No oil/gas/total rig category fell by 10 or more WoW.,RIG_COUNT,WEEKLY,GO,True,LOCAL_PROTO,LOCAL_FILE:C:\Users\78432\Downloads\05-22-2026 North_America Rig_Count Report.xlsx,05-22-2026 North_America Rig_Count Report.xlsx,NAM Weekly,2026-05-25T21:16:27+00:00,"{""oil_scarcity_trigger"": false, ""gas_scarcity_trigger"": false, ""total_scarcity_trigger"": false}",-10
BAKER_HUGHES_RIG_COUNT_WEEKLY,US_RIG_COUNT,2026-01-16,RIG_COUNT,410,122,11,543,1,-2,0,-1,False,False,False,False,neutral_energy_supply_signal,low,No oil/gas/total rig category fell by 10 or more WoW.,RIG_COUNT,WEEKLY,GO,True,LOCAL_PROTO,LOCAL_FILE:C:\Users\78432\Downloads\05-22-2026 North_America Rig_Count Report.xlsx,05-22-2026 North_America Rig_Count Report.xlsx,NAM Weekly,2026-05-25T21:16:27+00:00,"{""oil_scarcity_trigger"": false, ""gas_scarcity_trigger"": false, ""total_scarcity_trigger"": false}",-10
BAKER_HUGHES_RIG_COUNT_WEEKLY,US_RIG_COUNT,2026-01-23,RIG_COUNT,411,122,11,544,1,0,0,1,False,False,False,False,neutral_energy_supply_signal,low,No oil/gas/total rig category fell by 10 or more WoW.,RIG_COUNT,WEEKLY,GO,True,LOCAL_PROTO,LOCAL_FILE:C:\Users\78432\Downloads\05-22-2026 North_America Rig_Count Report.xlsx,05-22-2026 North_America Rig_Count Report.xlsx,NAM Weekly,2026-05-25T21:16:27+00:00,"{""oil_scarcity_trigger"": false, ""gas_scarcity_trigger"": false, ""total_scarcity_trigger"": false}",-10
BAKER_HUGHES_RIG_COUNT_WEEKLY,US_RIG_COUNT,2026-01-30,RIG_COUNT,411,125,10,546,0,3,-1,2,False,False,False,False,neutral_energy_supply_signal,low,No oil/gas/total rig category fell by 10 or more WoW.,RIG_COUNT,WEEKLY,GO,True,LOCAL_PROTO,LOCAL_FILE:C:\Users\78432\Downloads\05-22-2026 North_America Rig_Count Report.xlsx,05-22-2026 North_America Rig_Count Report.xlsx,NAM Weekly,2026-05-25T21:16:27+00:00,"{""oil_scarcity_trigger"": false, ""gas_scarcity_trigger"": false, ""total_scarcity_trigger"": false}",-10
BAKER_HUGHES_RIG_COUNT_WEEKLY,US_RIG_COUNT,2026-02-06,RIG_COUNT,412,130,9,551,1,5,-1,5,False,False,False,False,neutral_energy_supply_signal,low,No oil/gas/total rig category fell by 10 or more WoW.,RIG_COUNT,WEEKLY,GO,True,LOCAL_PROTO,LOCAL_FILE:C:\Users\78432\Downloads\05-22-2026 North_America Rig_Count Report.xlsx,05-22-2026 North_America Rig_Count Report.xlsx,NAM Weekly,2026-05-25T21:16:27+00:00,"{""oil_scarcity_trigger"": false, ""gas_scarcity_trigger"": false, ""total_scarcity_trigger"": false}",-10
BAKER_HUGHES_RIG_COUNT_WEEKLY,US_RIG_COUNT,2026-02-13,RIG_COUNT,409,133,9,551,-3,3,0,0,False,False,False,False,neutral_energy_supply_signal,low,No oil/gas/total rig category fell by 10 or more WoW.,RIG_COUNT,WEEKLY,GO,True,LOCAL_PROTO,LOCAL_FILE:C:\Users\78432\Downloads\05-22-2026 North_America Rig_Count Report.xlsx,05-22-2026 North_America Rig_Count Report.xlsx,NAM Weekly,2026-05-25T21:16:27+00:00,"{""oil_scarcity_trigger"": false, ""gas_scarcity_trigger"": false, ""total_scarcity_trigger"": false}",-10
BAKER_HUGHES_RIG_COUNT_WEEKLY,US_RIG_COUNT,2026-02-20,RIG_COUNT,409,133,9,551,0,0,0,0,False,False,False,False,neutral_energy_supply_signal,low,No oil/gas/total rig category fell by 10 or more WoW.,RIG_COUNT,WEEKLY,GO,True,LOCAL_PROTO,LOCAL_FILE:C:\Users\78432\Downloads\05-22-2026 North_America Rig_Count Report.xlsx,05-22-2026 North_America Rig_Count Report.xlsx,NAM Weekly,2026-05-25T21:16:27+00:00,"{""oil_scarcity_trigger"": false, ""gas_scarcity_trigger"": false, ""total_scarcity_trigger"": false}",-10
BAKER_HUGHES_RIG_COUNT_WEEKLY,US_RIG_COUNT,2026-02-27,RIG_COUNT,407,134,9,550,-2,1,0,-1,False,False,False,False,neutral_energy_supply_signal,low,No oil/gas/total rig category fell by 10 or more WoW.,RIG_COUNT,WEEKLY,GO,True,LOCAL_PROTO,LOCAL_FILE:C:\Users\78432\Downloads\05-22-2026 North_America Rig_Count Report.xlsx,05-22-2026 North_America Rig_Count Report.xlsx,NAM Weekly,2026-05-25T21:16:27+00:00,"{""oil_scarcity_trigger"": false, ""gas_scarcity_trigger"": false, ""total_scarcity_trigger"": false}",-10
BAKER_HUGHES_RIG_COUNT_WEEKLY,US_RIG_COUNT,2026-03-06,RIG_COUNT,411,132,8,551,4,-2,-1,1,False,False,False,False,neutral_energy_supply_signal,low,No oil/gas/total rig category fell by 10 or more WoW.,RIG_COUNT,WEEKLY,GO,True,LOCAL_PROTO,LOCAL_FILE:C:\Users\78432\Downloads\05-22-2026 North_America Rig_Count Report.xlsx,05-22-2026 North_America Rig_Count Report.xlsx,NAM Weekly,2026-05-25T21:16:27+00:00,"{""oil_scarcity_trigger"": false, ""gas_scarcity_trigger"": false, ""total_scarcity_trigger"": false}",-10
BAKER_HUGHES_RIG_COUNT_WEEKLY,US_RIG_COUNT,2026-03-13,RIG_COUNT,412,133,8,553,1,1,0,2,False,False,False,False,neutral_energy_supply_signal,low,No oil/gas/total rig category fell by 10 or more WoW.,RIG_COUNT,WEEKLY,GO,True,LOCAL_PROTO,LOCAL_FILE:C:\Users\78432\Downloads\05-22-2026 North_America Rig_Count Report.xlsx,05-22-2026 North_America Rig_Count Report.xlsx,NAM Weekly,2026-05-25T21:16:27+00:00,"{""oil_scarcity_trigger"": false, ""gas_scarcity_trigger"": false, ""total_scarcity_trigger"": false}",-10
BAKER_HUGHES_RIG_COUNT_WEEKLY,US_RIG_COUNT,2026-03-20,RIG_COUNT,414,131,7,552,2,-2,-1,-1,False,False,False,False,neutral_energy_supply_signal,low,No oil/gas/total rig category fell by 10 or more WoW.,RIG_COUNT,WEEKLY,GO,True,LOCAL_PROTO,LOCAL_FILE:C:\Users\78432\Downloads\05-22-2026 North_America Rig_Count Report.xlsx,05-22-2026 North_America Rig_Count Report.xlsx,NAM Weekly,2026-05-25T21:16:27+00:00,"{""oil_scarcity_trigger"": false, ""gas_scarcity_trigger"": false, ""total_scarcity_trigger"": false}",-10
BAKER_HUGHES_RIG_COUNT_WEEKLY,US_RIG_COUNT,2026-03-27,RIG_COUNT,409,127,7,543,-5,-4,0,-9,False,False,False,False,neutral_energy_supply_signal,low,No oil/gas/total rig category fell by 10 or more WoW.,RIG_COUNT,WEEKLY,GO,True,LOCAL_PROTO,LOCAL_FILE:C:\Users\78432\Downloads\05-22-2026 North_America Rig_Count Report.xlsx,05-22-2026 North_America Rig_Count Report.xlsx,NAM Weekly,2026-05-25T21:16:27+00:00,"{""oil_scarcity_trigger"": false, ""gas_scarcity_trigger"": false, ""total_scarcity_trigger"": false}",-10
BAKER_HUGHES_RIG_COUNT_WEEKLY,US_RIG_COUNT,2026-04-02,RIG_COUNT,411,130,7,548,2,3,0,5,False,False,False,False,neutral_energy_supply_signal,low,No oil/gas/total rig category fell by 10 or more WoW.,RIG_COUNT,WEEKLY,GO,True,LOCAL_PROTO,LOCAL_FILE:C:\Users\78432\Downloads\05-22-2026 North_America Rig_Count Report.xlsx,05-22-2026 North_America Rig_Count Report.xlsx,NAM Weekly,2026-05-25T21:16:27+00:00,"{""oil_scarcity_trigger"": false, ""gas_scarcity_trigger"": false, ""total_scarcity_trigger"": false}",-10
BAKER_HUGHES_RIG_COUNT_WEEKLY,US_RIG_COUNT,2026-04-10,RIG_COUNT,411,127,7,545,0,-3,0,-3,False,False,False,False,neutral_energy_supply_signal,low,No oil/gas/total rig category fell by 10 or more WoW.,RIG_COUNT,WEEKLY,GO,True,LOCAL_PROTO,LOCAL_FILE:C:\Users\78432\Downloads\05-22-2026 North_America Rig_Count Report.xlsx,05-22-2026 North_America Rig_Count Report.xlsx,NAM Weekly,2026-05-25T21:16:27+00:00,"{""oil_scarcity_trigger"": false, ""gas_scarcity_trigger"": false, ""total_scarcity_trigger"": false}",-10
BAKER_HUGHES_RIG_COUNT_WEEKLY,US_RIG_COUNT,2026-04-17,RIG_COUNT,410,125,8,543,-1,-2,1,-2,False,False,False,False,neutral_energy_supply_signal,low,No oil/gas/total rig category fell by 10 or more WoW.,RIG_COUNT,WEEKLY,GO,True,LOCAL_PROTO,LOCAL_FILE:C:\Users\78432\Downloads\05-22-2026 North_America Rig_Count Report.xlsx,05-22-2026 North_America Rig_Count Report.xlsx,NAM Weekly,2026-05-25T21:16:27+00:00,"{""oil_scarcity_trigger"": false, ""gas_scarcity_trigger"": false, ""total_scarcity_trigger"": false}",-10
BAKER_HUGHES_RIG_COUNT_WEEKLY,US_RIG_COUNT,2026-04-24,RIG_COUNT,407,129,8,544,-3,4,0,1,False,False,False,False,neutral_energy_supply_signal,low,No oil/gas/total rig category fell by 10 or more WoW.,RIG_COUNT,WEEKLY,GO,True,LOCAL_PROTO,LOCAL_FILE:C:\Users\78432\Downloads\05-22-2026 North_America Rig_Count Report.xlsx,05-22-2026 North_America Rig_Count Report.xlsx,NAM Weekly,2026-05-25T21:16:27+00:00,"{""oil_scarcity_trigger"": false, ""gas_scarcity_trigger"": false, ""total_scarcity_trigger"": false}",-10
BAKER_HUGHES_RIG_COUNT_WEEKLY,US_RIG_COUNT,2026-05-01,RIG_COUNT,408,130,9,547,1,1,1,3,False,False,False,False,neutral_energy_supply_signal,low,No oil/gas/total rig category fell by 10 or more WoW.,RIG_COUNT,WEEKLY,GO,True,LOCAL_PROTO,LOCAL_FILE:C:\Users\78432\Downloads\05-22-2026 North_America Rig_Count Report.xlsx,05-22-2026 North_America Rig_Count Report.xlsx,NAM Weekly,2026-05-25T21:16:27+00:00,"{""oil_scarcity_trigger"": false, ""gas_scarcity_trigger"": false, ""total_scarcity_trigger"": false}",-10
BAKER_HUGHES_RIG_COUNT_WEEKLY,US_RIG_COUNT,2026-05-08,RIG_COUNT,410,129,9,548,2,-1,0,1,False,False,False,False,neutral_energy_supply_signal,low,No oil/gas/total rig category fell by 10 or more WoW.,RIG_COUNT,WEEKLY,GO,True,LOCAL_PROTO,LOCAL_FILE:C:\Users\78432\Downloads\05-22-2026 North_America Rig_Count Report.xlsx,05-22-2026 North_America Rig_Count Report.xlsx,NAM Weekly,2026-05-25T21:16:27+00:00,"{""oil_scarcity_trigger"": false, ""gas_scarcity_trigger"": false, ""total_scarcity_trigger"": false}",-10
BAKER_HUGHES_RIG_COUNT_WEEKLY,US_RIG_COUNT,2026-05-15,RIG_COUNT,415,128,8,551,5,-1,-1,3,False,False,False,False,neutral_energy_supply_signal,low,No oil/gas/total rig category fell by 10 or more WoW.,RIG_COUNT,WEEKLY,GO,True,LOCAL_PROTO,LOCAL_FILE:C:\Users\78432\Downloads\05-22-2026 North_America Rig_Count Report.xlsx,05-22-2026 North_America Rig_Count Report.xlsx,NAM Weekly,2026-05-25T21:16:27+00:00,"{""oil_scarcity_trigger"": false, ""gas_scarcity_trigger"": false, ""total_scarcity_trigger"": false}",-10
BAKER_HUGHES_RIG_COUNT_WEEKLY,US_RIG_COUNT,2026-05-22,RIG_COUNT,425,125,8,558,10,-3,0,7,False,False,False,False,neutral_energy_supply_signal,low,No oil/gas/total rig category fell by 10 or more WoW.,RIG_COUNT,WEEKLY,GO,True,LOCAL_PROTO,LOCAL_FILE:C:\Users\78432\Downloads\05-22-2026 North_America Rig_Count Report.xlsx,05-22-2026 North_America Rig_Count Report.xlsx,NAM Weekly,2026-05-25T21:16:27+00:00,"{""oil_scarcity_trigger"": false, ""gas_scarcity_trigger"": false, ""total_scarcity_trigger"": false}",-10
